35260840371273000167650010000362681223253079
35260840371273000167650010000362691142747680
35260840371273000167650010000362701500145435
35260840371273000167650010000362711860331033
35260840371273000167650010000362721326811131
35260840371273000167650010000362731684750452
35260840371273000167650010000362741248546743
35260840371273000167650010000362751616538022
35260840371273000167650010000362761364068164
35260840371273000167650010000362771403014420
35260840371273000167650010000362781640555014
35260840371273000167650010000362791434083070
35260840371273000167650010000362801855102306
35260840371273000167650010000362811807660423
35260840371273000167650010000362821045737775
35260840371273000167650010000362831315514380
35260840371273000167650010000362841482744722
35260840371273000167650010000362851522374278
35260840371273000167650010000362861148027273
35260840371273000167650010000362871274708001
35260840371273000167650010000362881452121718
35260840371273000167650010000362891775757158
35260840371273000167650010000362901075082353
35260840371273000167650010000362911480180184
35260840371273000167650010000362921245121871
35260840371273000167650010000362931655230775
35260840371273000167650010000362941234153402
35260840371273000167650010000362951430328233
35260840371273000167650010000362961455152543
35260840371273000167650010000362971658332209
35260840371273000167650010000362981205382546
35260840371273000167650010000362991235135536
35260840371273000167650010000363001211474350
35260840371273000167650010000363011518713336
35260840371273000167650010000363021687811421
35260840371273000167650010000363031441481031
35260840371273000167650010000363041670702807
35260840371273000167650010000363051447135075
35260840371273000167650010000363061802202410
35260840371273000167650010000363081462207733
35260840371273000167650010000363091657207780
35260840371273000167650010000363101718473486
35260840371273000167650010000363111435106668
35260840371273000167650010000363121576285868
35260840371273000167650010000363131206858216
35260840371273000167650010000363141183712137
35260840371273000167650010000363151052130484
35260840371273000167650010000363161343188729
35260840371273000167650010000363171275230289
35260840371273000167650010000363181245366180
35260840371273000167650010000363201667634670
35260840371273000167650010000363221114575233
35260840371273000167650010000363231075520051
35260840371273000167650010000363241502305084
35260840371273000167650010000363251233777516
35260840371273000167650010000363261612042546
35260840371273000167650010000363271236086055
35260840371273000167650010000363281442333434
35260840371273000167650010000363291315377413
35260840371273000167650010000363301031006888
35260840371273000167650010000363311784481882
35260840371273000167650010000363321885815279
35260840371273000167650010000363331677121801
35260840371273000167650010000363341835072234
35260840371273000167650010000363351257338535
35260840371273000167650010000363361815537856
35260840371273000167650010000363371502608484
35260840371273000167650010000363381412101175
35260840371273000167650010000363391756642620
35260840371273000167650010000363401146648757
35260840371273000167650010000363411473278640
35260840371273000167650010000363421803700061
35260840371273000167650010000363431303672120
35260840371273000167650010000363441563856423
35260840371273000167650010000363451725210776
35260840371273000167650010000363461252233682
35260840371273000167650010000363471521252700
35260840371273000167650010000363481112678708
35260840371273000167650010000363491512721845
35260840371273000167650010000363501658466751
35260840371273000167650010000363511607355186
35260840371273000167650010000363521870781457
35260840371273000167650010000363531818576152
35260840371273000167650010000363541453802813
35260840371273000167650010000363551622280760
35260840371273000167650010000363561085040541
35260840371273000167650010000363571875874662
35260840371273000167650010000363581251352654
35260840371273000167650010000363591752408862
35260840371273000167650010000363601715446056
35260840371273000167650010000363611253810833
35260840371273000167650010000363621144174372
35260840371273000167650010000363631021880500
35260840371273000167650010000363641542705461
35260840371273000167650010000363651254424014
35260840371273000167650010000363661864062415
35260840371273000167650010000363671617236384
35260840371273000167650010000363681220300071
35260840371273000167650010000363691071527786
35260840371273000167650010000363701205605531
35260840371273000167650010000363711108334640
35260840371273000167650010000363721728271250
35260840371273000167650010000363731402535040
35260840371273000167650010000363741473384084
35260840371273000167650010000363751523002578
35260840371273000167650010000363761201267821
35260840371273000167650010000363771000880680
35260840371273000167650010000363781157451884
35260840371273000167650010000363801880804560
35260840371273000167650010000363811076238035
35260840371273000167650010000363821013611828
35260840371273000167650010000363831500175028
35260840371273000167650010000363841883183557
35260840371273000167650010000363851371861740
35260840371273000167650010000363861024883777
35260840371273000167650010000363871105851473
35260840371273000167650010000363881112556489
35260840371273000167650010000363891217035036
35260840371273000167650010000363901081236800
35260840371273000167650010000363911815578813
35260840371273000167650010000363921630153813
35260840371273000167650010000363931807460536
35260840371273000167650010000363941681000750
35260840371273000167650010000363951333446427
35260840371273000167650010000363961358063740
35260840371273000167650010000363971845246880
35260840371273000167650010000363981847610055
35260840371273000167650010000363991767533604
35260840371273000167650010000364001171703553
35260840371273000167650010000364011228712375
35260840371273000167650010000364021201638830
35260840371273000167650010000364031846623066
35260840371273000167650010000364041746074246
35260840371273000167650010000364051368270811
35260840371273000167650010000364061743378451
35260840371273000167650010000364071403788081
35260840371273000167650010000364081562136051
35260840371273000167650010000364091053473472
35260840371273000167650010000364101530060660
35260840371273000167650010000364111151377573
35260840371273000167650010000364121280303859
35260840371273000167650010000364131318368569
35260840371273000167650010000364141652115077
35260840371273000167650010000364151832067523
35260840371273000167650010000364161727315633
35260840371273000167650010000364171867673734
35260840371273000167650010000364181658672058
35260840371273000167650010000364191213442355
35260840371273000167650010000364201242307739
35260840371273000167650010000364211673776131
35260840371273000167650010000364221562128384
35260840371273000167650010000364231063754830
35260840371273000167650010000364241845101562
35260840371273000167650010000364251456286100
35260840371273000167650010000364271277013813
35260840371273000167650010000364281218073608
35260840371273000167650010000364291180658440
35260840371273000167650010000364301763453748
35260840371273000167650010000364311811755211
35260840371273000167650010000364321467627022
35260840371273000167650010000364331113006625
35260840371273000167650010000364341365388430
35260840371273000167650010000364351488160710
35260840371273000167650010000364361182368621
35260840371273000167650010000364371682516830
35260840371273000167650010000364381854053104
35260840371273000167650010000364391642561278
35260840371273000167650010000364401401013222
35260840371273000167650010000364411477671201
35260840371273000167650010000364421664048773
35260840371273000167650010000364431848334563
35260840371273000167650010000364441260872754
35260840371273000167650010000364451270558669
35260840371273000167650010000364461400350768
35260840371273000167650010000364471263284081
35260840371273000167650010000364481854214759
35260840371273000167650010000364491105074358
35260840371273000167650010000364501470008670
35260840371273000167650010000364511873363743
35260840371273000167650010000364521576256010
35260840371273000167650010000364531156852881
35260840371273000167650010000364541743178441
35260840371273000167650010000364551534512729
35260840371273000167650010000364561650332550
35260840371273000167650010000364571535455774
35260840371273000167650010000364581085008125
35260840371273000167650010000364591477282048
35260840371273000167650010000364601516150152
35260840371273000167650010000364611534133423
35260840371273000167650010000364621641276110
35260840371273000167650010000364631607446226
35260840371273000167650010000364641531213614
35260840371273000167650010000364651557234160
35260840371273000167650010000364661460667221
35260840371273000167650010000364671063871423
35260840371273000167650010000364681626523547
35260840371273000167650010000364691150027463
35260840371273000167650010000364701355382118
35260840371273000167650010000364711610742436
35260840371273000167650010000364721176158617
35260840371273000167650010000364731755084612
35260840371273000167650010000364741134011523
35260840371273000167650010000364751418583049
35260840371273000167650010000364761072787854
35260840371273000167650010000364771684035869
35260840371273000167650010000364781887580710
35260840371273000167650010000364791200633287
35260840371273000167650010000364801442550368
35260840371273000167650010000364811701367545
35260840371273000167650010000364821560682609
35260840371273000167650010000364831441282728
35260840371273000167650010000364841485723778
35260840371273000167650010000364851551816624
35260840371273000167650010000364861458730429
35260840371273000167650010000364871454165643
35260840371273000167650010000364881734605578
35260840371273000167650010000364891275485516
35260840371273000167650010000364901624018404
35260840371273000167650010000364911110207879
35260840371273000167650010000364921830361342
35260840371273000167650010000364931630132177
35260840371273000167650010000364941660767321
35260840371273000167650010000364951010702516
35260840371273000167650010000364961444324438
35260840371273000167650010000364971754765782
35260840371273000167650010000364981207565800
35260840371273000167650010000364991302043180
35260840371273000167650010000365001224531781
35260840371273000167650010000365011827247772
35260840371273000167650010000365021811341658
35260840371273000167650010000365031108351022
35260840371273000167650010000365041708881275
35260840371273000167650010000365051202134034
35260840371273000167650010000365061188174884
35260840371273000167650010000365071711823568
35260840371273000167650010000365081726888609
35260840371273000167650010000365091877675288
35260840371273000167650010000365101817261526
35260840371273000167650010000365111027831530
35260840371273000167650010000365121065205860
35260840371273000167650010000365131150105669
35260840371273000167650010000365141312730064
35260840371273000167650010000365151680475352
35260840371273000167650010000365161567375787
35260840371273000167650010000365171228111288
35260840371273000167650010000365191700837040
35260840371273000167650010000365201274208529
35260840371273000167650010000365211665612449
35260840371273000167650010000365221357462044
35260840371273000167650010000365231267628013
35260840371273000167650010000365241263805430
35260840371273000167650010000365251170006616
35260840371273000167650010000365261178775349
35260840371273000167650010000365271258358806
35260840371273000167650010000365281577282677
35260840371273000167650010000365291560122814
35260840371273000167650010000365301654777254
35260840371273000167650010000365311845832583
35260840371273000167650010000365321305206876
35260840371273000167650010000365331703573264
35260840371273000167650010000365341378382563
35260840371273000167650010000365351401827470
35260840371273000167650010000365361452133279
35260840371273000167650010000365371603025345
35260840371273000167650010000365381574151233
35260840371273000167650010000365391660802333
35260840371273000167650010000365401264482833
35260840371273000167650010000365411147188162
35260840371273000167650010000365421483356625
35260840371273000167650010000365431048107231
35260840371273000167650010000365441868668753
35260840371273000167650010000365451517102207
35260840371273000167650010000365461382734488
35260840371273000167650010000365471175341348
35260840371273000167650010000365481228157012
35260840371273000167650010000365491526441468
35260840371273000167650010000365501327561723
35260840371273000167650010000365511466016160
35260840371273000167650010000365521081078511
35260840371273000167650010000365531258450265
35260840371273000167650010000365541802704715
35260840371273000167650010000365551762744085
35260840371273000167650010000365561241324662
35260840371273000167650010000365571775007453
35260840371273000167650010000365581270032210
35260840371273000167650010000365591725674442
35260840371273000167650010000365601087510840
35260840371273000167650010000365611446318648
35260840371273000167650010000365621826176737
35260840371273000167650010000365631425504013
35260840371273000167650010000365641852803411
35260840371273000167650010000365651453631827
35260840371273000167650010000365661150812288
35260840371273000167650010000365671512436767
35260840371273000167650010000365681810803080
35260840371273000167650010000365691833507787
35260840371273000167650010000365701842760873
35260840371273000167650010000365711823727715
35260840371273000167650010000365721872616589
35260840371273000167650010000365731457057400
35260840371273000167650010000365741886308371
35260840371273000167650010000365751322651073
35260840371273000167650010000365761305120437
35260840371273000167650010000365771448552362
35260840371273000167650010000365781050564305
35260840371273000167650010000365791264864331
35260840371273000167650010000365801457721703
35260840371273000167650010000365811088620020
35260840371273000167650010000365821661075711
35260840371273000167650010000365831461288379
35260840371273000167650010000365841873207284
35260840371273000167650010000365851576112685
35260840371273000167650010000365861751668648
35260840371273000167650010000365871168860470
35260840371273000167650010000365881058477602
35260840371273000167650010000365891811455469
35260840371273000167650010000365901247545867
35260840371273000167650010000365911238707865
35260840371273000167650010000365921325305746
35260840371273000167650010000365931278815108
35260840371273000167650010000365941347432800
35260840371273000167650010000365951506333743
35260840371273000167650010000365961566113550
35260840371273000167650010000365971650882818
35260840371273000167650010000365981474645780
35260840371273000167650010000365991217472425
35260840371273000167650010000366001836406037
35260840371273000167650010000366011716174551
35260840371273000167650010000366021078024078
35260840371273000167650010000366031523580803
35260840371273000167650010000366041715218212
35260840371273000167650010000366051552430304
35260840371273000167650010000366061753840116
35260840371273000167650010000366071737803179
35260840371273000167650010000366081143262873
35260840371273000167650010000366091006814626
35260840371273000167650010000366101813442319
35260840371273000167650010000366111057500546
35260840371273000167650010000366121462416684
35260840371273000167650010000366131023626215
35260840371273000167650010000366141363164550
35260840371273000167650010000366151334324711
35260840371273000167650010000366161322603464
35260840371273000167650010000366171640738000
35260840371273000167650010000366181225510532
35260840371273000167650010000366191718302780
35260840371273000167650010000366201064264258
35260840371273000167650010000366211126538035
35260840371273000167650010000366221662260528
35260840371273000167650010000366231085810539
35260840371273000167650010000366241316230211
35260840371273000167650010000366251631140735
35260840371273000167650010000366261162113800
35260840371273000167650010000366271828413287
35260840371273000167650010000366281637371706
35260840371273000167650010000366291715516123
35260840371273000167650010000366301640100180
35260840371273000167650010000366311446445514
35260840371273000167650010000366321145628862
35260840371273000167650010000366331657542018
35260840371273000167650010000366341155452311
35260840371273000167650010000366351545608801
35260840371273000167650010000366361306043819
35260840371273000167650010000366371763734846
35260840371273000167650010000366381165244044
35260840371273000167650010000366391846413634
35260840371273000167650010000366401012106239
35260840371273000167650010000366411131006456
35260840371273000167650010000366421857578058
35260840371273000167650010000366431143604471
35260840371273000167650010000366441643358809
35260840371273000167650010000366451457738165
35260840371273000167650010000366461273688731
35260840371273000167650010000366471211405130
35260840371273000167650010000366481002374379
35260840371273000167650010000366491602527513
35260840371273000167650010000366501733555074
35260840371273000167650010000366511543108406
35260840371273000167650010000366521108561787
35260840371273000167650010000366531861672873
35260840371273000167650010000366541814746774
35260840371273000167650010000366551736438431
35260840371273000167650010000366561731426360
35260840371273000167650010000366571847542070
35260840371273000167650010000366581804362123
35260840371273000167650010000366591361575406
35260840371273000167650010000366601588751820
35260840371273000167650010000366611771114520
35260840371273000167650010000366621114532269
35260840371273000167650010000367581865753373
35260840371273000167650010000366711731508257
35260840371273000167650010000366791855031523
35260840371273000167650010000366871084355037
35260840371273000167650010000366891270413666
35260840371273000167650010000366901412653832
35260840371273000167650010000366911612340304
35260840371273000167650010000366931271521880
35260840371273000167650010000366941018836655
35260840371273000167650010000366951444111551
35260840371273000167650010000367001830273707
35260840371273000167650010000367011806482820
35260840371273000167650010000367051630161235
35260840371273000167650010000367061700411801
35260840371273000167650010000367071202755522
35260840371273000167650010000367081382367078
35260840371273000167650010000367091743777303
35260840371273000167650010000367121464335253
35260840371273000167650010000367221165612510
35260840371273000167650010000367261851438035
35260840371273000167650010000367301315154522
35260840371273000167650010000367321871478480
35260840371273000167650010000367331808370127
35260840371273000167650010000367351326432762
35260840371273000167650010000367371813261534
35260840371273000167650010000367411523030540
35260840371273000167650010000367911242554130
35260840371273000167650010000367921575626125
35260840371273000167650010000367931041170348
35260840371273000167650010000367941785070551
35260840371273000167650010000367951110567218
35260840371273000167650010000367961007514520
35260840371273000167650010000367971857517354
35260840371273000167650010000367981733042327
35260840371273000167650010000367991064178349
35260840371273000167650010000368001601282428
35260840371273000167650010000368011374687055
35260840371273000167650010000368021580220873
35260840371273000167650010000368031150165009
35260840371273000167650010000368041542757533
35260840371273000167650010000368051080221422
35260840371273000167650010000368061345507008
35260840371273000167650010000368071232467458
35260840371273000167650010000368081155431153
35260840371273000167650010000368091351455270
35260840371273000167650010000368101851012289
35260840371273000167650010000368111505457607
35260840371273000167650010000368121038537632
35260840371273000167650010000368131162614012
35260840371273000167650010000368141441508232
35260840371273000167650010000368151662133018
35260840371273000167650010000368161404564340
35260840371273000167650010000368171082006856
35260840371273000167650010000368181528860620
35260840371273000167650010000368191075075834
35260840371273000167650010000368201003803176
35260840371273000167650010000368211840174057
35260840371273000167650010000368221636164704
35260840371273000167650010000368231367080733
35260840371273000167650010000368241754205286
35260840371273000167650010000368251161774211
35260840371273000167650010000368261316275253
35260840371273000167650010000368271443406338
35260840371273000167650010000368281482178623
35260840371273000167650010000368291864401469
35260840371273000167650010000368301568483082
35260840371273000167650010000368311154863317
35260840371273000167650010000368321605065662
35260840371273000167650010000368331800680513
35260840371273000167650010000368341007457375
35260840371273000167650010000368351433403141
35260840371273000167650010000368361604578150
35260840371273000167650010000368371304344879
35260840371273000167650010000368381464320517
35260840371273000167650010000368391661322773
35260840371273000167650010000368401006524432
35260840371273000167650010000368411740023831
35260840371273000167650010000368421440607185
35260840371273000167650010000368431138652480
35260840371273000167650010000368441351685304
35260840371273000167650010000368451887681356
35260840371273000167650010000368461107841828
35260840371273000167650010000368471726006686
35260840371273000167650010000368481406337417
35260840371273000167650010000368491547468116
35260840371273000167650010000368501700417145
35260840371273000167650010000368511324250631
35260840371273000167650010000368521466660454
35260840371273000167650010000368531835153466
35260840371273000167650010000368541885287412
35260840371273000167650010000368551756504643
35260840371273000167650010000368561363575860
35260840371273000167650010000368581320855424
35260840371273000167650010000368591135337401
35260840371273000167650010000368601370843100
35260840371273000167650010000368611202240018
35260840371273000167650010000368621285008670
35260840371273000167650010000368631186382253
35260840371273000167650010000368641870238565
35260840371273000167650010000368651308061817
35260840371273000167650010000368661123221645
35260840371273000167650010000368671333445504
35260840371273000167650010000368681550840808
35260840371273000167650010000368691272126247
35260840371273000167650010000368701045214219
35260840371273000167650010000368711125800600
35260840371273000167650010000368721777281288
35260840371273000167650010000368731475234551
35260840371273000167650010000368751513821077
35260840371273000167650010000368761624584259
35260840371273000167650010000368771340867830
35260840371273000167650010000368781463432325
35260840371273000167650010000368791256550273
35260840371273000167650010000368801235715657
35260840371273000167650010000368811661084604
35260840371273000167650010000368821182701856
35260840371273000167650010000368831452575723
35260840371273000167650010000368841685484353
35260840371273000167650010000368851168286784
35260840371273000167650010000368861467303262
35260840371273000167650010000368871571552181
35260840371273000167650010000368881328143244
35260840371273000167650010000368891423835317
35260840371273000167650010000368901342035443
35260840371273000167650010000368911816705573
35260840371273000167650010000368921027234111
35260840371273000167650010000368931635115744
35260840371273000167650010000368941511145746
35260840371273000167650010000368951182058579
35260840371273000167650010000368961876452767
35260840371273000167650010000368971602136830
35260840371273000167650010000368981155316866
35260840371273000167650010000368991538337618
35260840371273000167650010000369001684563468
35260840371273000167650010000369011605443186
35260840371273000167650010000369021760841650
35260840371273000167650010000369031727162267
35260840371273000167650010000369041611881400
35260840371273000167650010000369051433283851
35260840371273000167650010000369061531104622
35260840371273000167650010000369071128866134
35260840371273000167650010000369081166685858
35260840371273000167650010000369091207027121
35260840371273000167650010000369101081660646
35260840371273000167650010000369111175107042
35260840371273000167650010000369121305705332
35260840371273000167650010000369131522047519
35260840371273000167650010000369141732615472
35260840371273000167650010000369151238641554
35260840371273000167650010000369161610856240
35260840371273000167650010000369171201215548
35260840371273000167650010000369181248042280
35260840371273000167650010000369191153867166
35260840371273000167650010000369201400174278
35260840371273000167650010000369211762521470
35260840371273000167650010000369221838810025
35260840371273000167650010000369231040564306
35260840371273000167650010000369241177482302
35260840371273000167650010000369251072768572
35260840371273000167650010000369261268103538
35260840371273000167650010000369271822723108
35260840371273000167650010000369281322754117
35260840371273000167650010000369291455242505
35260840371273000167650010000369301867160876
35260840371273000167650010000369311262342484
35260840371273000167650010000369321884116140
35260840371273000167650010000369331212868061
35260840371273000167650010000369341200826005
35260840371273000167650010000369351714731857
35260840371273000167650010000369361277175429
35260840371273000167650010000369371830222445
35260840371273000167650010000369381074807409
35260840371273000167650010000369391774867754
35260840371273000167650010000369401043846273
35260840371273000167650010000369411602616280
35260840371273000167650010000369421230762210
35260840371273000167650010000369431674013578
35260840371273000167650010000369441312745348
35260840371273000167650010000369451276632060
35260840371273000167650010000369461784108311
35260840371273000167650010000369471222884472
35260840371273000167650010000369481180242459
35260840371273000167650010000369491005888172
35260840371273000167650010000369501780248006
35260840371273000167650010000369511104370544
35260840371273000167650010000369521674772222
35260840371273000167650010000369531555052789
35260840371273000167650010000369541176005712
35260840371273000167650010000369551103081556
35260840371273000167650010000369561815830354
35260840371273000167650010000369571778128156
35260840371273000167650010000369581603288100
35260840371273000167650010000369591334841350
35260840371273000167650010000369601038065270
35260840371273000167650010000369611724082134
35260840371273000167650010000369621416408680
35260840371273000167650010000369631563820826
35260840371273000167650010000369641415002731
35260840371273000167650010000369651450220151
35260840371273000167650010000369661637805576
35260840371273000167650010000369671665332650
35260840371273000167650010000369681275157362
35260840371273000167650010000369691036837610
35260840371273000167650010000369701107138001
35260840371273000167650010000369711460238182
35260840371273000167650010000369721215067041
35260840371273000167650010000369731720138241
35260840371273000167650010000369741818063573
35260840371273000167650010000369751831813480
35260840371273000167650010000369761547061280
35260840371273000167650010000369771770533070
35260840371273000167650010000369781376006080
35260840371273000167650010000369791871145364
35260840371273000167650010000369801253857188
35260840371273000167650010000369811180246718
35260840371273000167650010000369821311611233
35260840371273000167650010000369831203135024
35260840371273000167650010000369841074001610
35260840371273000167650010000369851732534580
35260840371273000167650010000369861631476735
35260840371273000167650010000369871507104810
35260840371273000167650010000369881721146518
35260840371273000167650010000369891514308471
35260840371273000167650010000369901552528204
35260840371273000167650010000369911712555880
35260840371273000167650010000369921782235440
35260840371273000167650010000369931316405325
35260840371273000167650010000369941545782183
35260840371273000167650010000369951406412260
35260840371273000167650010000369961241501065
35260840371273000167650010000369971250165231
35260840371273000167650010000369981347460251
35260840371273000167650010000369991361440367
35260840371273000167650010000370001726830740
35260840371273000167650010000370011441183077
35260840371273000167650010000370021171624758
35260840371273000167650010000370031368735146
35260840371273000167650010000370041526111579
35260840371273000167650010000370051600763543
35260840371273000167650010000370061728837524
35260840371273000167650010000370071864710031
35260840371273000167650010000370081766456219
35260840371273000167650010000370091027508062
35260840371273000167650010000370101027150886
35260840371273000167650010000370111808321370
35260840371273000167650010000370121182410564
35260840371273000167650010000370131635886228
35260840371273000167650010000370141386108160
35260840371273000167650010000370151232375343
35260840371273000167650010000370161016208504
35260840371273000167650010000370171554083884
35260840371273000167650010000370181302144762
35260840371273000167650010000370191556038589
35260840371273000167650010000370201131650462
35260840371273000167650010000370211301434266
35260840371273000167650010000370221411700880
35260840371273000167650010000370231335668868
35260840371273000167650010000370241324258350
35260840371273000167650010000370251706104279
35260840371273000167650010000370261754205400
35260840371273000167650010000370271852008372
35260840371273000167650010000370281278545215
35260840371273000167650010000370291458106675
35260840371273000167650010000370301757384759
35260840371273000167650010000370311438556673
35260840371273000167650010000370321032751350
35260840371273000167650010000370331357664152
35260840371273000167650010000370341071026160
35260840371273000167650010000370351275087040
35260840371273000167650010000370361438222011
35260840371273000167650010000370371367571610
35260840371273000167650010000370381731651405
35260840371273000167650010000370391840173714
35260840371273000167650010000370401528116663
35260840371273000167650010000370411532087700
35260840371273000167650010000370421274630179
35260840371273000167650010000370431485406020
35260840371273000167650010000370441773124435
35260840371273000167650010000370451827060658
35260840371273000167650010000370461855413613
35260840371273000167650010000370471002770309
35260840371273000167650010000370481725327070
35260840371273000167650010000370491408147605
35260840371273000167650010000370501333056560
35260840371273000167650010000370511810883750
35260840371273000167650010000370521201370017
35260840371273000167650010000370531663546709
35260840371273000167650010000370541087830110
35260840371273000167650010000370551252046812
35260840371273000167650010000370561782200417
35260840371273000167650010000370571272534280
35260840371273000167650010000370581786526583
35260840371273000167650010000370591017702437
35260840371273000167650010000370601724256610
35260840371273000167650010000370611602635045
35260840371273000167650010000370621737613500
35260840371273000167650010000370631757785037
35260840371273000167650010000370641000622877
35260840371273000167650010000370651657245221
35260840371273000167650010000370671435237413
35260840371273000167650010000370681310572753
35260840371273000167650010000370691064688034
35260840371273000167650010000370701755643744
35260840371273000167650010000370711416332247
35260840371273000167650010000370721755356138
35260840371273000167650010000370731184547627
35260840371273000167650010000370741752834483
35260840371273000167650010000370751420082003
35260840371273000167650010000370761284428230
35260840371273000167650010000370771877056372
35260840371273000167650010000370781344574402
35260840371273000167650010000370791686080451
35260840371273000167650010000370801860111508
35260840371273000167650010000370811083154451
35260840371273000167650010000370821883571712
35260840371273000167650010000370831781154435
35260840371273000167650010000370851803128568
35260840371273000167650010000370861030440642
35260840371273000167650010000370871675882049
35260840371273000167650010000370881757636782
35260840371273000167650010000370891188624448
35260840371273000167650010000370901408472170
35260840371273000167650010000370911042586833
35260840371273000167650010000370921386872869
35260840371273000167650010000370931386065235
35260840371273000167650010000370941616867866
35260840371273000167650010000370951007276130
35260840371273000167650010000370961837251684
35260840371273000167650010000370971422546144
35260840371273000167650010000370981664368040
35260840371273000167650010000370991212842337
35260840371273000167650010000371001235187036
35260840371273000167650010000371011066466089
35260840371273000167650010000371021467036066
35260840371273000167650010000371031326156062
35260840371273000167650010000371041453366160
35260840371273000167650010000371051747784544
35260840371273000167650010000371061260653286
35260840371273000167650010000371071577782117
35260840371273000167650010000371081307770008
35260840371273000167650010000371091680075546
35260840371273000167650010000371101167438357
35260840371273000167650010000371111508508071
35260840371273000167650010000371121548588880
35260840371273000167650010000371131371830342
35260840371273000167650010000371141756780857
35260840371273000167650010000371151583158677
35260840371273000167650010000371161345622560
35260840371273000167650010000371171108350784
35260840371273000167650010000371181200240407
35260840371273000167650010000371191270580875
35260840371273000167650010000371201366033019
35260840371273000167650010000371211085217660
35260840371273000167650010000371221757218313
35260840371273000167650010000371231687402444
35260840371273000167650010000371241478683154
35260840371273000167650010000371251268476664
35260840371273000167650010000371261475878340
35260840371273000167650010000371271704653348
35260840371273000167650010000371281024481148
35260840371273000167650010000371291880830073
35260840371273000167650010000371301445671588
35260840371273000167650010000371311006326131
35260840371273000167650010000371321637751142
35260840371273000167650010000371331547257200
35260840371273000167650010000371341478267580
35260840371273000167650010000371351676884753
35260840371273000167650010000371361363686003
35260840371273000167650010000371371763338786
35260840371273000167650010000371381473454837
35260840371273000167650010000371391257027656
35260840371273000167650010000371401185240546
35260840371273000167650010000371411717516440
35260840371273000167650010000371421322821183
35260840371273000167650010000371431357025810
35260840371273000167650010000371441237504246
35260840371273000167650010000371451008787506
35260840371273000167650010000371461861313833
35260840371273000167650010000371471611185843
35260840371273000167650010000371481206387506
35260840371273000167650010000371491151446570
35260840371273000167650010000371501631370129
35260840371273000167650010000371511614744722
35260840371273000167650010000371521166117115
35260840371273000167650010000371531063763089
35260840371273000167650010000371541202822060
35260840371273000167650010000371551584025684
35260840371273000167650010000371561627661789
35260840371273000167650010000371571417868139
35260840371273000167650010000371581504626122
35260840371273000167650010000371591885318426
35260840371273000167650010000371601731852407
35260840371273000167650010000371611644665584
35260840371273000167650010000371621205064524
35260840371273000167650010000371631136415626
35260840371273000167650010000371641437113880
35260840371273000167650010000371651064210718
35260840371273000167650010000371661663333563
35260840371273000167650010000371671714321785
35260840371273000167650010000371681235670850
35260840371273000167650010000371691312886200
35260840371273000167650010000371701455482708
35260840371273000167650010000371711236336479
35260840371273000167650010000371721311772223
35260840371273000167650010000371731570625151
35260840371273000167650010000371741286255415
35260840371273000167650010000371751678545579
35260840371273000167650010000371761323405726
35260840371273000167650010000371771401368711
35260840371273000167650010000371781363461362
35260840371273000167650010000371791553886744
35260840371273000167650010000371811610621706
35260840371273000167650010000371821616785066
35260840371273000167650010000371831460823834
35260840371273000167650010000371841347147460
35260840371273000167650010000371851451287377
35260840371273000167650010000371861677877431
35260840371273000167650010000371871302725857
35260840371273000167650010000371881670375001
35260840371273000167650010000371891650775575
35260840371273000167650010000371901112717131
35260840371273000167650010000371911523638747
35260840371273000167650010000371921863326803
35260840371273000167650010000371931760715758
35260840371273000167650010000371941183824207
35260840371273000167650010000371951143787219
35260840371273000167650010000371961044032837
35260840371273000167650010000371971686227472
35260840371273000167650010000371981556427231
35260840371273000167650010000371991668763729
35260840371273000167650010000372001130313274
35260840371273000167650010000372011184838259
35260840371273000167650010000372021041073680
35260840371273000167650010000372031348572005
35260840371273000167650010000372041857030640
35260840371273000167650010000372051728137380
35260840371273000167650010000372061671235424
35260840371273000167650010000372071745226765
35260840371273000167650010000372081674882441
35260840371273000167650010000372091512455162
35260840371273000167650010000372101682316148
35260840371273000167650010000372111748772321
35260840371273000167650010000372121456434563
35260840371273000167650010000372131306781214
35260840371273000167650010000372141605625149
35260840371273000167650010000372151160382340
35260840371273000167650010000372161426824125
35260840371273000167650010000372171423144074
35260840371273000167650010000372191064735350
35260840371273000167650010000372201386015712
35260840371273000167650010000372211720660720
35260840371273000167650010000372221560723211
35260840371273000167650010000372231851602248
35260840371273000167650010000372241800216224
35260840371273000167650010000372251026743607
35260840371273000167650010000372261638546451
35260840371273000167650010000372271872477581
35260840371273000167650010000372281526251381
35260840371273000167650010000372291536582400
35260840371273000167650010000372301446534571
35260840371273000167650010000372311144310724
35260840371273000167650010000372321702703459
35260840371273000167650010000372331087846629
35260840371273000167650010000372341166234321
35260840371273000167650010000372351080550427
35260840371273000167650010000372361318720570
35260840371273000167650010000372371633200658
35260840371273000167650010000372381812485875
35260840371273000167650010000372391412011580
35260840371273000167650010000372401825501856
35260840371273000167650010000372411544080358
35260840371273000167650010000372421443778209
35260840371273000167650010000372431065058373
35260840371273000167650010000372441657031060
35260840371273000167650010000372451413854138
35260840371273000167650010000372461480826237
35260840371273000167650010000372471480363064
35260840371273000167650010000372481083103470
35260840371273000167650010000372491022320088
35260840371273000167650010000372501060515584
35260840371273000167650010000372511841876609
35260840371273000167650010000372521763565385
35260840371273000167650010000372531770284105
35260840371273000167650010000372541752877873
35260840371273000167650010000372551125057778
35260840371273000167650010000372561004682148
35260840371273000167650010000372571834108425
35260840371273000167650010000372581708237243
35260840371273000167650010000372591634018087
35260840371273000167650010000372601626848212
35260840371273000167650010000372611030088282
35260840371273000167650010000372621774055886
35260840371273000167650010000372631548040382
35260840371273000167650010000372641046080776
35260840371273000167650010000372651432774422
35260840371273000167650010000372661338722063
35260840371273000167650010000372671731750600
35260840371273000167650010000372681424638487
35260840371273000167650010000372691302681504
35260840371273000167650010000372701727480403
35260840371273000167650010000372711474045370
35260840371273000167650010000372721357066106
35260840371273000167650010000372731608874140
35260840371273000167650010000372741000188856
35260840371273000167650010000372751878526301
35260840371273000167650010000372761206071258
35260840371273000167650010000372771763600511
35260840371273000167650010000372781131463515
35260840371273000167650010000372791786174289
35260840371273000167650010000372801720615334
35260840371273000167650010000372811147747360
35260840371273000167650010000372821853021626
35260840371273000167650010000372831747724357
35260840371273000167650010000372841474252519
35260840371273000167650010000372851038343437
35260840371273000167650010000372861140153746
35260840371273000167650010000372871852102254
35260840371273000167650010000372881342044276
35260840371273000167650010000372891156633221
35260840371273000167650010000372901553234766
35260840371273000167650010000372911454115588
35260840371273000167650010000372921051332243
35260840371273000167650010000372931226777149
35260840371273000167650010000372941463401859
35260840371273000167650010000372951346310170
35260840371273000167650010000372961775244575
35260840371273000167650010000372971004420359
35260840371273000167650010000372981544517473
35260840371273000167650010000372991432153019
35260840371273000167650010000373001116585829
35260840371273000167650010000373011275028816
35260840371273000167650010000373021358413870
35260840371273000167650010000373041221428800
35260840371273000167650010000373051104885144
35260840371273000167650010000373061350445780
35260840371273000167650010000373071421303620
35260840371273000167650010000373081103560162
35260840371273000167650010000373091177023540
35260840371273000167650010000373101330705623
35260840371273000167650010000373111500035868
35260840371273000167650010000373121225033585
35260840371273000167650010000373131374861029
35260840371273000167650010000373141437571526
35260840371273000167650010000373151445702364
35260840371273000167650010000373171187243014
35260840371273000167650010000373181028682380
35260840371273000167650010000373191166256359
35260840371273000167650010000373201400724784
35260840371273000167650010000373211880822723
35260840371273000167650010000373221160277376
35260840371273000167650010000373231527810146
35260840371273000167650010000373241626685703
35260840371273000167650010000373251544314504
35260840371273000167650010000373261054474529
35260840371273000167650010000373271571110889
35260840371273000167650010000373281578213460
35260840371273000167650010000373291450263565
35260840371273000167650010000373301874026758
35260840371273000167650010000373311058728150
35260840371273000167650010000373321326547110
35260840371273000167650010000373331264036875
35260840371273000167650010000373341501323489
35260840371273000167650010000373351474608730
35260840371273000167650010000373361571713680
35260840371273000167650010000373371081881346
35260840371273000167650010000373381004518647
35260840371273000167650010000373391027618289
35260840371273000167650010000373411728636214
35260840371273000167650010000373421785687555
35260840371273000167650010000373431085417307
35260840371273000167650010000373441156477037
35260840371273000167650010000373451457286467
35260840371273000167650010000373461151508400
35260840371273000167650010000373471107227113
35260840371273000167650010000373481538185212
35260840371273000167650010000373491807411388
35260840371273000167650010000373501656720302
35260840371273000167650010000373511421253876
35260840371273000167650010000373521124383101
35260840371273000167650010000373531337834450
35260840371273000167650010000373541277561310
35260840371273000167650010000373551356323843
35260840371273000167650010000373561116845508
35260840371273000167650010000373571168016615
35260840371273000167650010000373581108042722
35260840371273000167650010000373591284400145
35260840371273000167650010000373601030176759
35260840371273000167650010000373611770333855
35260840371273000167650010000373621631477324
35260840371273000167650010000373631004465678
35260840371273000167650010000373641254613469
35260840371273000167650010000373651618671319
35260840371273000167650010000373661801377537
35260840371273000167650010000373671700058670
35260840371273000167650010000373681760152107
35260840371273000167650010000373691633384480
35260840371273000167650010000373701728773450
35260840371273000167650010000373711745467629
35260840371273000167650010000373721546707570
35260840371273000167650010000373731675828177
35260840371273000167650010000373741632477418
35260840371273000167650010000373751404044700
35260840371273000167650010000373761011102532
35260840371273000167650010000373781557153230
35260840371273000167650010000373791776616063
35260840371273000167650010000373801725383720
35260840371273000167650010000373821811144350
35260840371273000167650010000373841757315711
35260840371273000167650010000373851134517489
35260840371273000167650010000373861700602422
35260840371273000167650010000373871723208450
35260840371273000167650010000373881384336475
35260840371273000167650010000373891008208404
35260840371273000167650010000373901681635300
35260840371273000167650010000373911252030382
35260840371273000167650010000373921536245682
35260840371273000167650010000373931014183763
35260840371273000167650010000373941713567630
35260840371273000167650010000373951686260409
35260840371273000167650010000373961733343139
35260840371273000167650010000373971027888549
35260840371273000167650010000373981601001316
35260840371273000167650010000373991777811156
35260840371273000167650010000374001084271340
35260840371273000167650010000374011772504255
35260840371273000167650010000374021203811029
35260840371273000167650010000374031145762552
35260840371273000167650010000374041726668722
35260840371273000167650010000374051145271340
35260840371273000167650010000374061860060460
35260840371273000167650010000374071483172656
35260840371273000167650010000374081758074061
35260840371273000167650010000374091000545660
35260840371273000167650010000374101711245178
35260840371273000167650010000374111026312164
35260840371273000167650010000374121456414105
35260840371273000167650010000374131736606150
35260840371273000167650010000374141533331625
35260840371273000167650010000374151654500000
35260840371273000167650010000374161825004564
35260840371273000167650010000374171201668728
35260840371273000167650010000374181275312550
35260840371273000167650010000374191844544554
35260840371273000167650010000374201534155712
35260840371273000167650010000374211385803065
35260840371273000167650010000374221034210123
35260840371273000167650010000374231347281558
35260840371273000167650010000374241452187300
35260840371273000167650010000374251680125233
35260840371273000167650010000374261208340859
35260840371273000167650010000374271616473859
35260840371273000167650010000374281132473734
35260840371273000167650010000374291466621437
35260840371273000167650010000374301382005787
35260840371273000167650010000374311246037351
35260840371273000167650010000374321244801701
35260840371273000167650010000374331317282404
35260840371273000167650010000374341242505824
35260840371273000167650010000374351377513180
35260840371273000167650010000374361404640050
35260840371273000167650010000374371016005222
35260840371273000167650010000374381224427042
35260840371273000167650010000374391576878358
35260840371273000167650010000374401363566406
35260840371273000167650010000374411354405230
35260840371273000167650010000374421426754748
35260840371273000167650010000374431110505087
35260840371273000167650010000374441284238324
35260840371273000167650010000374451124440041
35260840371273000167650010000374461156206572
35260840371273000167650010000374471057812684
35260840371273000167650010000374481087408510
35260840371273000167650010000374491660081070
35260840371273000167650010000374501784746679
35260840371273000167650010000374511725374482
35260840371273000167650010000374521501571818
35260840371273000167650010000374531841814455
35260840371273000167650010000374541178020686
35260840371273000167650010000374551713540071
35260840371273000167650010000374561457386550
35260840371273000167650010000374571322644787
35260840371273000167650010000374581042243550
35260840371273000167650010000374591427084085
35260840371273000167650010000374601761361416
35260840371273000167650010000374611286743329
35260840371273000167650010000374621654162775
35260840371273000167650010000374631747760165
35260840371273000167650010000374641441286145
35260840371273000167650010000374651808313052
35260840371273000167650010000374661726403284
35260840371273000167650010000374671488100104
35260840371273000167650010000374681668735539
35260840371273000167650010000374691435482538
35260840371273000167650010000374701557584751
35260840371273000167650010000374711152705887
35260840371273000167650010000374721174536600
35260840371273000167650010000374731758765739
35260840371273000167650010000374741456530230
35260840371273000167650010000374751836170275
35260840371273000167650010000374761103323107
35260840371273000167650010000374771400607280
35260840371273000167650010000374781660388860
35260840371273000167650010000374791642543253
35260840371273000167650010000374801021761553
35260840371273000167650010000374811377036385
35260840371273000167650010000374821413026418
35260840371273000167650010000374831517725328
35260840371273000167650010000374841710116254
35260840371273000167650010000374851051456577
35260840371273000167650010000374861400822864
35260840371273000167650010000374871485764845
35260840371273000167650010000374881741855562
35260840371273000167650010000374891308731515
35260840371273000167650010000374901218383217
35260840371273000167650010000374911248763279
35260840371273000167650010000374921604700306
35260840371273000167650010000374931462806379
35260840371273000167650010000374941232612820
35260840371273000167650010000374951252770062
35260840371273000167650010000374961373225542
35260840371273000167650010000374971455424511
35260840371273000167650010000374981201137259
35260840371273000167650010000374991012650304
35260840371273000167650010000375001333061837
35260840371273000167650010000375011748844403
35260840371273000167650010000375021657458419
35260840371273000167650010000375031317547412
35260840371273000167650010000375041741585056
35260840371273000167650010000375051305336319
35260840371273000167650010000375061454330280
35260840371273000167650010000375071366067762
35260840371273000167650010000375081407854442
35260840371273000167650010000375091580624272
35260840371273000167650010000375101064628457
35260840371273000167650010000375111454487472
35260840371273000167650010000375121578471540
35260840371273000167650010000375131878137465
35260840371273000167650010000375141772125460
35260840371273000167650010000375151354502479
35260840371273000167650010000375161578825813
35260840371273000167650010000375171174601449
35260840371273000167650010000375181772366106
35260840371273000167650010000375191126466370
35260840371273000167650010000375201836786770
35260840371273000167650010000375211215060644
35260840371273000167650010000375221456035211
35260840371273000167650010000375231847501501
35260840371273000167650010000375241638217867
35260840371273000167650010000375251111311534
35260840371273000167650010000375261463118177
35260840371273000167650010000375271861224047
35260840371273000167650010000375281702427544
35260840371273000167650010000375291384564320
35260840371273000167650010000375301436376228
35260840371273000167650010000375311310208358
35260840371273000167650010000375321538187038
35260840371273000167650010000375331466555181
35260840371273000167650010000375341486032033
35260840371273000167650010000375351365033869
35260840371273000167650010000375361635865427
35260840371273000167650010000375371042587760
35260840371273000167650010000375381506640210
35260840371273000167650010000375391531153287
35260840371273000167650010000375401126146662
35260840371273000167650010000375411357764350
35260840371273000167650010000375421546323880
35260840371273000167650010000375431523076387
35260840371273000167650010000375441333806721
35260840371273000167650010000375451016551054
35260840371273000167650010000375461884201618
35260840371273000167650010000375471476317866
35260840371273000167650010000375481160146171
35260840371273000167650010000375491806288060
35260840371273000167650010000375501524836142
35260840371273000167650010000375511342355081
35260840371273000167650010000375521884561069
35260840371273000167650010000375531077571812
35260840371273000167650010000375541166710459
35260840371273000167650010000375551837002719
35260840371273000167650010000375561182784547
35260840371273000167650010000375571146368404
35260840371273000167650010000375581702782653
35260840371273000167650010000375591212120430
35260840371273000167650010000375601325058340
35260840371273000167650010000375611846260471
35260840371273000167650010000375621535035368
35260840371273000167650010000375631501357378
35260840371273000167650010000375641345421687
35260840371273000167650010000375651760645684
35260840371273000167650010000375661586301269
35260840371273000167650010000375671703188363
35260840371273000167650010000375681868172053
35260840371273000167650010000375691308787106
35260840371273000167650010000375701306702813
35260840371273000167650010000375711062788665
35260840371273000167650010000375721683057471
35260840371273000167650010000375731788123315
35260840371273000167650010000375741261871246
35260840371273000167650010000375751350363170
35260840371273000167650010000375761236477151
35260840371273000167650010000375771717740051
35260840371273000167650010000375781858423467
35260840371273000167650010000375791288444132
35260840371273000167650010000375801531264689
35260840371273000167650010000375811215230157
35260840371273000167650010000375821111045415
35260840371273000167650010000375831455077684
35260840371273000167650010000375841603724434
35260840371273000167650010000375851100045763
35260840371273000167650010000375861681342557
35260840371273000167650010000375871421525659
35260840371273000167650010000375881450546259
35260840371273000167650010000375891084802835
35260840371273000167650010000375901263117577
35260840371273000167650010000375911453583754
35260840371273000167650010000375921620747619
35260840371273000167650010000375931886142180
35260840371273000167650010000375941748363170
35260840371273000167650010000375951487573335
35260840371273000167650010000375961362676411
35260840371273000167650010000375971558836540
35260840371273000167650010000375981367863028
35260840371273000167650010000375991038088765
35260840371273000167650010000376001100326728
35260840371273000167650010000376011387772718
35260840371273000167650010000376021727287753
35260840371273000167650010000376031524688530
35260840371273000167650010000376041726547667
35260840371273000167650010000376051506132430
35260840371273000167650010000376061655762077
35260840371273000167650010000376071467783469
35260840371273000167650010000376081388784257
35260840371273000167650010000376091048275205
35260840371273000167650010000376101513658280
35260840371273000167650010000376111818113749
35260840371273000167650010000376121658726036
35260840371273000167650010000376131260117289
35260840371273000167650010000376141677040122
35260840371273000167650010000376151817686507
35260840371273000167650010000376161215562165
35260840371273000167650010000376171317438363
35260840371273000167650010000376181426087348
35260840371273000167650010000376191517887581
35260840371273000167650010000376201781653345
35260840371273000167650010000376211654520734
35260840371273000167650010000376221815353637
35260840371273000167650010000376231627181201
35260840371273000167650010000376241406378832
35260840371273000167650010000376251105622235
35260840371273000167650010000376261216552674
35260840371273000167650010000376271774060726
35260840371273000167650010000376281850711769
35260840371273000167650010000376291040425154
35260840371273000167650010000376301013777062
35260840371273000167650010000376311078712060
35260840371273000167650010000376321064243205
35260840371273000167650010000376331554253069
35260840371273000167650010000376341382011574
35260840371273000167650010000376351538215748
35260840371273000167650010000376361124885622
35260840371273000167650010000376371225687505
35260840371273000167650010000376381846868388
35260840371273000167650010000376391315377771
35260840371273000167650010000376401801713162
35260840371273000167650010000376411827580337
35260840371273000167650010000376421854806216
35260840371273000167650010000376431151660410
35260840371273000167650010000376441122076613
35260840371273000167650010000376451424415116
35260840371273000167650010000376461375414317
35260840371273000167650010000376471258264774
35260840371273000167650010000376481878728731
35260840371273000167650010000376491728806335
35260840371273000167650010000376501433462210
35260840371273000167650010000376511408472175
35260840371273000167650010000376521430227762
35260840371273000167650010000376531384511766
35260840371273000167650010000376541643416370
35260840371273000167650010000376551547406553
35260840371273000167650010000376561184511063
35260840371273000167650010000376571606656616
35260840371273000167650010000376581843158153
35260840371273000167650010000376591781143333
35260840371273000167650010000376601856402668
35260840371273000167650010000376611657546608
35260840371273000167650010000376621545561041
35260840371273000167650010000376631747887638
35260840371273000167650010000376641571750136
35260840371273000167650010000376651681774843
35260840371273000167650010000376661775225476
35260840371273000167650010000376671835177445
35260840371273000167650010000376681472241046
35260840371273000167650010000376691513658482
35260840371273000167650010000376701134103270
35260840371273000167650010000376711420671606
35260840371273000167650010000376721371614729
35260840371273000167650010000376731537025130
35260840371273000167650010000376741401262331
35260840371273000167650010000376751681413685
35260840371273000167650010000376761453550006
35260840371273000167650010000376771846374480
35260840371273000167650010000376781766713545
35260840371273000167650010000376791748783135
35260840371273000167650010000376801801374401
35260840371273000167650010000376811271375055
35260840371273000167650010000376821581242786
35260840371273000167650010000376831775286344
35260840371273000167650010000376841225326510
35260840371273000167650010000376851760214002
35260840371273000167650010000376861467132771
35260840371273000167650010000376871137125159
35260840371273000167650010000376881044666416
35260840371273000167650010000376891302456572
35260840371273000167650010000376901564541705
35260840371273000167650010000376911120550849
35260840371273000167650010000376921443282720
35260840371273000167650010000376931600114362
35260840371273000167650010000376941640051059
35260840371273000167650010000376951644873557
35260840371273000167650010000376961364210237
35260840371273000167650010000376971783237522
35260840371273000167650010000376981318506174
35260840371273000167650010000376991585827883
35260840371273000167650010000377001488336520
35260840371273000167650010000377011660320680
35260840371273000167650010000377021600633743
35260840371273000167650010000377031020748305
35260840371273000167650010000377041481146245
35260840371273000167650010000377051626305648
35260840371273000167650010000377061442680141
35260840371273000167650010000377071044502178
35260840371273000167650010000377081278248364
35260840371273000167650010000377091287368242
35260840371273000167650010000377101886685467
35260840371273000167650010000377111367571530
35260840371273000167650010000377121814772651
35260840371273000167650010000377131528023801
35260840371273000167650010000377141327664289
35260840371273000167650010000377151263750454
35260840371273000167650010000377161226305334
35260840371273000167650010000377171175774755
35260840371273000167650010000377181627311100
35260840371273000167650010000377191801672301
35260840371273000167650010000377201181437213
35260840371273000167650010000377211338075780
35260840371273000167650010000377221150888056
35260840371273000167650010000377231617431081
35260840371273000167650010000377241655772300
35260840371273000167650010000377251217400221
35260840371273000167650010000377261106627217
35260840371273000167650010000377271884856180
35260840371273000167650010000377281283404029
35260840371273000167650010000377291175123267
35260840371273000167650010000377301762443464
35260840371273000167650010000377311837131011
35260840371273000167650010000377321330047226
35260840371273000167650010000377331187356078
35260840371273000167650010000377341874420015
35260840371273000167650010000377351544681122
35260840371273000167650010000377361864627037
35260840371273000167650010000377371303267187
35260840371273000167650010000377381221647439
35260840371273000167650010000377391745805243
35260840371273000167650010000377401051313053
35260840371273000167650010000377411828583122
35260840371273000167650010000377421111401853
35260840371273000167650010000377431206038257
35260840371273000167650010000377441351078210
35260840371273000167650010000377451070500552
35260840371273000167650010000377461041650883
35260840371273000167650010000377471614155859
35260840371273000167650010000377481572147370
35260840371273000167650010000377491633268021
35260840371273000167650010000377501308252422
35260840371273000167650010000377511635564319
35260840371273000167650010000377521718646670
35260840371273000167650010000377531431330837
35260840371273000167650010000377541038317020
35260840371273000167650010000377551436852224
35260840371273000167650010000377561420242526
35260840371273000167650010000377571051216152
35260840371273000167650010000377581237623618
35260840371273000167650010000377591177428706
35260840371273000167650010000377601265582767
35260840371273000167650010000377611264708225
35260840371273000167650010000377621450257510
35260840371273000167650010000377631802387870
35260840371273000167650010000377641313806223
35260840371273000167650010000377651686115800
35260840371273000167650010000377661203108232
35260840371273000167650010000377671117363332
35260840371273000167650010000377681186227865
35260840371273000167650010000377691645341341
35260840371273000167650010000377701444333539
35260840371273000167650010000377711337131816
35260840371273000167650010000377721310041260
35260840371273000167650010000377731566120345
35260840371273000167650010000377741684504485
35260840371273000167650010000377751458122752
35260840371273000167650010000377761786182546
35260840371273000167650010000377771131457280
35260840371273000167650010000377781187851321
35260840371273000167650010000377791613353510
35260840371273000167650010000377801423157134
35260840371273000167650010000377811585434033
35260840371273000167650010000377821542630130
35260840371273000167650010000377831762356468
35260840371273000167650010000377841700065742
35260840371273000167650010000377851458667640
35260840371273000167650010000377861430077241
35260840371273000167650010000377871456071116
35260840371273000167650010000377881731567145
35260840371273000167650010000377891586534587
35260840371273000167650010000377901516071600
35260840371273000167650010000377911754636661
35260840371273000167650010000377921473338656
35260840371273000167650010000377931530656523
35260840371273000167650010000377941632861808
35260840371273000167650010000377951180170583
35260840371273000167650010000377961661314040
35260840371273000167650010000377971277505134
35260840371273000167650010000377981544426700
35260840371273000167650010000377991712070722
35260840371273000167650010000378001031431360
35260840371273000167650010000378011675415539
35260840371273000167650010000378021030437645
35260840371273000167650010000378031606345505
35260840371273000167650010000378041153485812
35260840371273000167650010000378051050553383
35260840371273000167650010000378061036407763
35260840371273000167650010000378071542306708
35260840371273000167650010000378081828567802
35260840371273000167650010000378091586048750
35260840371273000167650010000378101726885560
35260840371273000167650010000378111845003569
35260840371273000167650010000378121170541689
35260840371273000167650010000378131700387611
35260840371273000167650010000378141230280201
35260840371273000167650010000378151652165647
35260840371273000167650010000378161420483450
35260840371273000167650010000378171835081544
35260840371273000167650010000378181328366642
35260840371273000167650010000378191656814428
35260840371273000167650010000378201732460602
35260840371273000167650010000378211184401263
35260840371273000167650010000378221131576244
35260840371273000167650010000378231183550847
35260840371273000167650010000378241528257160
35260840371273000167650010000378251378151210
35260840371273000167650010000378261400214841
35260840371273000167650010000378271012354449
35260840371273000167650010000378281330237230
35260840371273000167650010000378291716163777
35260840371273000167650010000378301377803532
35260840371273000167650010000378311055035143
35260840371273000167650010000378321805477640
35260840371273000167650010000378331413516641
35260840371273000167650010000378341823355637
35260840371273000167650010000378351677445840
35260840371273000167650010000378361860353663
35260840371273000167650010000378371150601367
35260840371273000167650010000378381171187117
35260840371273000167650010000378391124164278
35260840371273000167650010000378401332018506
35260840371273000167650010000378411684835150
35260840371273000167650010000378421671526630
35260840371273000167650010000378431118516160
35260840371273000167650010000378441827484209
35260840371273000167650010000378451026851405
35260840371273000167650010000378461774113214
35260840371273000167650010000378471252011450
35260840371273000167650010000378481773201203
35260840371273000167650010000378491446231425
35260840371273000167650010000378501112665878
35260840371273000167650010000378511575300219
35260840371273000167650010000378521542143758
35260840371273000167650010000378531146677463
35260840371273000167650010000378541385677836
35260840371273000167650010000378551344353324
35260840371273000167650010000378561523435047
35260840371273000167650010000378571008334136
35260840371273000167650010000378589245787080
35260840371273000167650010000378591748821850
35260840371273000167650010000378601743810206
35260840371273000167650010000378611143072627
35260840371273000167650010000378621501582524
35260840371273000167650010000378631236312886
35260840371273000167650010000378641372182104
35260840371273000167650010000378651336503025
35260840371273000167650010000378661011068157
35260840371273000167650010000378671081625524
35260840371273000167650010000378681854736320
35260840371273000167650010000378691686247361
35260840371273000167650010000378701137515252
35260840371273000167650010000378711375276066
35260840371273000167650010000378721818003532
35260840371273000167650010000378731130550046
35260840371273000167650010000378741521810027
35260840371273000167650010000378751174144226
35260840371273000167650010000378761364587886
35260840371273000167650010000378771437751068
35260840371273000167650010000378781457086229
35260840371273000167650010000378791152202010
35260840371273000167650010000378801486081734
35260840371273000167650010000378811182450354
35260840371273000167650010000378821831541808
35260840371273000167650010000378831616224876
35260840371273000167650010000378841555702533
35260840371273000167650010000378851647041581
35260840371273000167650010000378861247608670
35260840371273000167650010000378871328325625
35260840371273000167650010000378881671532664
35260840371273000167650010000378891021777368
35260840371273000167650010000378901720510469
35260840371273000167650010000378911313863360
35260840371273000167650010000378921345637354
35260840371273000167650010000378931604856747
35260840371273000167650010000378941580747584
35260840371273000167650010000378951387663860
35260840371273000167650010000378961053825273
35260840371273000167650010000378971877704389
35260840371273000167650010000378981146451173
35260840371273000167650010000378991552166137
35260840371273000167650010000379001685542680
35260840371273000167650010000379011771636350
35260840371273000167650010000379021182185539
35260840371273000167650010000379031758244146
35260840371273000167650010000379041610584015
35260840371273000167650010000379051203648674
35260840371273000167650010000379061635037063
35260840371273000167650010000379071406235611
35260840371273000167650010000379081514048107
35260840371273000167650010000379091888885510
35260840371273000167650010000379101260840333
35260840371273000167650010000379111543414251
35260840371273000167650010000379121315508640
35260840371273000167650010000379131413084230
35260840371273000167650010000379141304663473
35260840371273000167650010000379151283723658
35260840371273000167650010000379161763526411
35260840371273000167650010000379171850657171
35260840371273000167650010000379181553537373
35260840371273000167650010000379191184620442
35260840371273000167650010000379201756582550
35260840371273000167650010000379211832346251
35260840371273000167650010000379221158456113
35260840371273000167650010000379231228235053
35260840371273000167650010000379241231673179
35260840371273000167650010000379251233186809
35260840371273000167650010000379261338005070
35260840371273000167650010000379271861116440
35260840371273000167650010000379281132245704
35260840371273000167650010000379291834333686
35260840371273000167650010000379301673763065
35260840371273000167650010000379311008627280
35260840371273000167650010000379321241467875
35260840371273000167650010000379331066788040
35260840371273000167650010000379341350568774
35260840371273000167650010000379351645133318
35260840371273000167650010000379361174420174
35260840371273000167650010000379371425883509
35260840371273000167650010000379381517343150
35260840371273000167650010000379391200035181
35260840371273000167650010000379401435772080
35260840371273000167650010000379411266130652
35260840371273000167650010000379421283407877
35260840371273000167650010000379431167180206
35260840371273000167650010000379441434562803
35260840371273000167650010000379451031462824
35260840371273000167650010000379461427488487
35260840371273000167650010000379471452073764
35260840371273000167650010000379481813402188
35260840371273000167650010000379491421333750
35260840371273000167650010000379501333541000
35260840371273000167650010000379511118264878
35260840371273000167650010000379521501301206
35260840371273000167650010000379531847382589
35260840371273000167650010000379541346475760
35260840371273000167650010000379551052064522
35260840371273000167650010000379561216788681
35260840371273000167650010000379571433537080
35260840371273000167650010000379581682141358
35260840371273000167650010000379591822052376
35260840371273000167650010000379601316670570
35260840371273000167650010000379611566700325
35260840371273000167650010000379621230745835
35260840371273000167650010000379631638820164
35260840371273000167650010000379641724355536
35260840371273000167650010000379651536176317
35260840371273000167650010000379661400572463
35260840371273000167650010000379671437717543
35260840371273000167650010000379681510470031
35260840371273000167650010000379691284656025
35260840371273000167650010000379701315454080
35260840371273000167650010000379711684614603
35260840371273000167650010000379721060504413
35260840371273000167650010000379731224662242
35260840371273000167650010000379741443260430
35260840371273000167650010000379751020483727
35260840371273000167650010000379761631442502
35260840371273000167650010000379771461105141
35260840371273000167650010000379781365244001
35260840371273000167650010000379791672252149
35260840371273000167650010000379801624052233
35260840371273000167650010000379811817263004
35260840371273000167650010000379821364707582
35260840371273000167650010000379831078174400
35260840371273000167650010000379841552378242
35260840371273000167650010000379851113515528
35260840371273000167650010000379861787407808
35260840371273000167650010000379871018527713
35260840371273000167650010000379881227813252
35260840371273000167650010000379891267143077
35260840371273000167650010000379901248188010
35260840371273000167650010000379911462305267
35260840371273000167650010000379921558568886
35260840371273000167650010000379931864258403
35260840371273000167650010000379941253505737
35260840371273000167650010000379951558116154
35260840371273000167650010000379961164750145
35260840371273000167650010000379971642851336
35260840371273000167650010000379981332812429
35260840371273000167650010000379991077754160
35260840371273000167650010000380001405703225
35260840371273000167650010000380011637787026
35260840371273000167650010000380021673238824
35260840371273000167650010000380031121638242
35260840371273000167650010000380041835232502
35260840371273000167650010000380051070234888
35260840371273000167650010000380061823630189
35260840371273000167650010000380071462572720
35260840371273000167650010000380081272258356
35260840371273000167650010000380091400333069
35260840371273000167650010000380101435503433
35260840371273000167650010000380111033244856
35260840371273000167650010000380121671647588
35260840371273000167650010000380131601302465
35260840371273000167650010000380141224404736
35260840371273000167650010000380151463881044
35260840371273000167650010000380161228037660
35260840371273000167650010000380171781375058
35260840371273000167650010000380181480252833
35260840371273000167650010000380191113236050
35260840371273000167650010000380201007463820
35260840371273000167650010000380211053360289
35260840371273000167650010000380221343847730
35260840371273000167650010000380231535124424
35260840371273000167650010000380241056551478
35260840371273000167650010000380251010308420
35260840371273000167650010000380261044466130
35260840371273000167650010000380271887047611
35260840371273000167650010000380281805618862
35260840371273000167650010000380291764757356
35260840371273000167650010000380301422231130
35260840371273000167650010000380311440174507
35260840371273000167650010000380321823528570
35260840371273000167650010000380331324635042
35260840371273000167650010000380341283010253
35260840371273000167650010000380351227414481
35260840371273000167650010000380361180036742
35260840371273000167650010000380371060406582
35260840371273000167650010000380381274511813
35260840371273000167650010000380391631178270
35260840371273000167650010000380401563455058
35260840371273000167650010000380411458172049
35260840371273000167650010000380421540850320
35260840371273000167650010000380431474544731
35260840371273000167650010000380441561034526
35260840371273000167650010000380451344382370
35260840371273000167650010000380461667854386
35260840371273000167650010000380471248453487
35260840371273000167650010000380481533484864
35260840371273000167650010000380491021387140
35260840371273000167650010000380501803465270
35260840371273000167650010000380511376121838
35260840371273000167650010000380521272465082
35260840371273000167650010000380531327816083
35260840371273000167650010000380541564368804
35260840371273000167650010000380551527838417
35260840371273000167650010000380561416456017
35260840371273000167650010000380571687523508
35260840371273000167650010000380581360323771
35260840371273000167650010000380591434870778
35260840371273000167650010000380601762641156
35260840371273000167650010000380611811345079
35260840371273000167650010000380621256185557
35260840371273000167650010000380631154024004
35260840371273000167650010000380641106741238
35260840371273000167650010000380651477065726
35260840371273000167650010000380661586070507
35260840371273000167650010000380671028121658
35260840371273000167650010000380681455033203
35260840371273000167650010000380691478264578
35260840371273000167650010000380701277807303
35260840371273000167650010000380711812634674
35260840371273000167650010000380721752038164
35260840371273000167650010000380731380885712
35260840371273000167650010000380741558064044
35260840371273000167650010000380759485707121
35260840371273000167650010000380761532443026
35260840371273000167650010000380771364131759
35260840371273000167650010000380781801538084
35260840371273000167650010000380791733054410
35260840371273000167650010000380801047170571
35260840371273000167650010000380811180504733
35260840371273000167650010000380821834183857
35260840371273000167650010000380831717273865
35260840371273000167650010000380841046062650
35260840371273000167650010000380851336342033
35260840371273000167650010000380861875010255
35260840371273000167650010000380871240130250
35260840371273000167650010000380881147844246
35260840371273000167650010000380891407774215
35260840371273000167650010000380901008184342
35260840371273000167650010000380911763865038
35260840371273000167650010000380921388441053
35260840371273000167650010000380931430386709
35260840371273000167650010000380941187560815
35260840371273000167650010000380951740734637
35260840371273000167650010000380961856328241
35260840371273000167650010000380971164504074
35260840371273000167650010000380981815112818
35260840371273000167650010000380991735424225
35260840371273000167650010000381001860433512
35260840371273000167650010000381011500314535
35260840371273000167650010000381021800837379
35260840371273000167650010000381031732753150
35260840371273000167650010000381041786650526
35260840371273000167650010000381051407124747
35260840371273000167650010000381061571658233
35260840371273000167650010000381071608811479
35260840371273000167650010000381081557051720
35260840371273000167650010000381091437118205
35260840371273000167650010000381101548662249
35260840371273000167650010000381111510210070
35260840371273000167650010000381121610481740
35260840371273000167650010000381131062363620
35260840371273000167650010000381141660008783
35260840371273000167650010000381151302625122
35260840371273000167650010000381161264807181
35260840371273000167650010000381171721827659
35260840371273000167650010000381181183455565
35260840371273000167650010000381191717065426
35260840371273000167650010000381201030441728
35260840371273000167650010000381211110114038
35260840371273000167650010000381221705470326
35260840371273000167650010000381231006384681
35260840371273000167650010000381241473302513
35260840371273000167650010000381251115073142
35260840371273000167650010000381261363654622
35260840371273000167650010000381271321456277
35260840371273000167650010000381281514276120
35260840371273000167650010000381291807207200
35260840371273000167650010000381301312083884
35260840371273000167650010000381311210177100
35260840371273000167650010000381321260413034
35260840371273000167650010000381331617542329
35260840371273000167650010000381341630467472
35260840371273000167650010000381351132228767
35260840371273000167650010000381361664548283
35260840371273000167650010000381371084777802
35260840371273000167650010000381381123314062
35260840371273000167650010000381391825206810
35260840371273000167650010000381401711542552
35260840371273000167650010000381411120861270
35260840371273000167650010000381421388818720
35260840371273000167650010000381431428033679
35260840371273000167650010000381441151722843
35260840371273000167650010000381451851206837
35260840371273000167650010000381461856468667
35260840371273000167650010000381471287212725
35260840371273000167650010000381481367032402
35260840371273000167650010000381491041387124
35260840371273000167650010000381501833156181
35260840371273000167650010000381511136180231
35260840371273000167650010000381521066663767
35260840371273000167650010000381531307085372
35260840371273000167650010000381541713823430
35260840371273000167650010000381551821447743
35260840371273000167650010000381561553537375
35260840371273000167650010000381571120300023
35260840371273000167650010000381581626171884
35260840371273000167650010000381591887154280
35260840371273000167650010000381601406876186
35260840371273000167650010000381611246416058
35260840371273000167650010000381621315802524
35260840371273000167650010000381631354605081
35260840371273000167650010000381641427872030
35260840371273000167650010000381651626145730
35260840371273000167650010000381661004623813
35260840371273000167650010000381671352831504
35260840371273000167650010000381681678202850
35260840371273000167650010000381691388744517
35260840371273000167650010000381701068757171
35260840371273000167650010000381711386888382
35260840371273000167650010000381721047563224
35260840371273000167650010000381731005616840
35260840371273000167650010000381741412151118
35260840371273000167650010000381751348738858
35260840371273000167650010000381761123278687
35260840371273000167650010000381771548512670
35260840371273000167650010000381781054051326
35260840371273000167650010000381791717032240
35260840371273000167650010000381801286155676
35260840371273000167650010000381811534543201
35260840371273000167650010000381821537207668
35260840371273000167650010000381831214551488
35260840371273000167650010000381841487605368
35260840371273000167650010000381851431187240
35260840371273000167650010000381861002145313
35260840371273000167650010000381871715025400
35260840371273000167650010000381881776140231
35260840371273000167650010000381891057677831
35260840371273000167650010000381901271415118
35260840371273000167650010000381911228540582
35260840371273000167650010000381921373282758
35260840371273000167650010000381931624505423
35260840371273000167650010000381941768308436
35260840371273000167650010000381951023440135
35260840371273000167650010000381961750524263
35260840371273000167650010000381971885578628
35260840371273000167650010000381981631818233
35260840371273000167650010000381991187600606
35260840371273000167650010000382001667250156
35260840371273000167650010000382011666250486
35260840371273000167650010000382021451473224
35260840371273000167650010000382031742225526
35260840371273000167650010000382041306868285
35260840371273000167650010000382051063570682
35260840371273000167650010000382061888437643
35260840371273000167650010000382071120276606
35260840371273000167650010000382081414743349
35260840371273000167650010000382091675637132
35260840371273000167650010000382101367762484
35260840371273000167650010000382111571735276
35260840371273000167650010000382121520678582
35260840371273000167650010000382131536258232
35260840371273000167650010000382141616004137
35260840371273000167650010000382151503416640
35260840371273000167650010000382161452207884
35260840371273000167650010000382171802562286
35260840371273000167650010000382181285600438
35260840371273000167650010000382191067122515
35260840371273000167650010000382201347314466
35260840371273000167650010000382211078843489
35260840371273000167650010000382221428687801
35260840371273000167650010000382231365420126
35260840371273000167650010000382241256350205
35260840371273000167650010000382251668204637
35260840371273000167650010000382261343153313
35260840371273000167650010000382271827141507
35260840371273000167650010000382281485762470
35260840371273000167650010000382291217088461
35260840371273000167650010000382301854346462
35260840371273000167650010000382311515334450
35260840371273000167650010000382321028807288
35260840371273000167650010000382331438364561
35260840371273000167650010000382341226870258
35260840371273000167650010000382351412261824
35260840371273000167650010000382361257180606
35260840371273000167650010000382371066146621
35260840371273000167650010000382381773815460
35260840371273000167650010000382391113522510
35260840371273000167650010000382401240324467
35260840371273000167650010000382411827804335
35260840371273000167650010000382421544731768
35260840371273000167650010000382431224533245
35260840371273000167650010000382441338562772
35260840371273000167650010000382451244738483
35260840371273000167650010000382461620622137
35260840371273000167650010000382471453857277
35260840371273000167650010000382481767116072
35260840371273000167650010000382491634778667
35260840371273000167650010000382501642030502
35260840371273000167650010000382511133306469
35260840371273000167650010000382521252304467
35260840371273000167650010000382531220531279
35260840371273000167650010000382541483608342
35260840371273000167650010000382551740112844
35260840371273000167650010000382561450738730
35260840371273000167650010000382571173777245
35260840371273000167650010000382581131086039
35260840371273000167650010000382591257281881
35260840371273000167650010000382601066212878
35260840371273000167650010000382611260366319
35260840371273000167650010000382621763540758
35260840371273000167650010000382631110704817
35260840371273000167650010000382641045062248
35260840371273000167650010000382651822748480
35260840371273000167650010000382661005318173
35260840371273000167650010000382671412772202
35260840371273000167650010000382681221134845
35260840371273000167650010000382691624118632
35260840371273000167650010000382701755746611
35260840371273000167650010000382711834113325
35260840371273000167650010000382721560214151
35260840371273000167650010000382731773877589
35260840371273000167650010000382741524226735
35260840371273000167650010000382751722177827
35260840371273000167650010000382761664886180
35260840371273000167650010000382771872441141
35260840371273000167650010000382781128685043
35260840371273000167650010000382791878843785
35260840371273000167650010000382801240416219
35260840371273000167650010000382811805328889
35260840371273000167650010000382821310275087
35260840371273000167650010000382831301435228
35260840371273000167650010000382841018677884
35260840371273000167650010000382851743287121
35260840371273000167650010000382861814777468
35260840371273000167650010000382871085356042
35260840371273000167650010000382881411735133
35260840371273000167650010000382891886788271
35260840371273000167650010000382901230473763
35260840371273000167650010000382911461526517
35260840371273000167650010000382921213144050
35260840371273000167650010000382931322577710
35260840371273000167650010000382941584138401
35260840371273000167650010000382951531321110
35260840371273000167650010000382961284508046
35260840371273000167650010000382971423351857
35260840371273000167650010000382981621414224
35260840371273000167650010000382991673432867
35260840371273000167650010000383001510677332
35260840371273000167650010000383011736477773
35260840371273000167650010000383021204764457
35260840371273000167650010000383031082545613
35260840371273000167650010000383041123322831
35260840371273000167650010000383051444074317
35260840371273000167650010000383061610776484
35260840371273000167650010000383071458280547
35260840371273000167650010000383081487674806
35260840371273000167650010000383091586332722
35260840371273000167650010000383101080026486
35260840371273000167650010000383111312713360
35260840371273000167650010000383121377457463
35260840371273000167650010000383131376438276
35260840371273000167650010000383141321324179
35260840371273000167650010000383151063506072
35260840371273000167650010000383161552523066
35260840371273000167650010000383171412522277
35260840371273000167650010000383181462526460
35260840371273000167650010000383191282608716
35260840371273000167650010000383201527801387
35260840371273000167650010000383211410370308
35260840371273000167650010000383221424404487
35260840371273000167650010000383231872803307
35260840371273000167650010000383241440642170
35260840371273000167650010000383251700265808
35260840371273000167650010000383261662385632
35260840371273000167650010000383271062831329
35260840371273000167650010000383281834238084
35260840371273000167650010000383291275715142
35260840371273000167650010000383301743512440
35260840371273000167650010000383311444013369
35260840371273000167650010000383321651332807
35260840371273000167650010000383331855703460
35260840371273000167650010000383341372647300
35260840371273000167650010000383351170187607
35260840371273000167650010000383361027745151
35260840371273000167650010000383371247164325
35260840371273000167650010000383381047533170
35260840371273000167650010000383391463558560
35260840371273000167650010000383401540360618
35260840371273000167650010000383411631888779
35260840371273000167650010000383421728111601
35260840371273000167650010000383431617758833
35260840371273000167650010000383441870358365
35260840371273000167650010000383451242718227
35260840371273000167650010000383461018128869
35260840371273000167650010000383471473454831
35260840371273000167650010000383481460804755
35260840371273000167650010000383491127876787
35260840371273000167650010000383501614753770
35260840371273000167650010000383511302217609
35260840371273000167650010000383521742874486
35260840371273000167650010000383531303876589
35260840371273000167650010000383541188218240
35260840371273000167650010000383551388533449
35260840371273000167650010000383561754868183
35260840371273000167650010000383571756061608
35260840371273000167650010000383581151456643
35260840371273000167650010000383591882705882
35260840371273000167650010000383601834566020
35260840371273000167650010000383611551022727
35260840371273000167650010000383621450728435
35260840371273000167650010000383631485434648
35260840371273000167650010000383641412800544
35260840371273000167650010000383651537774880
35260840371273000167650010000383661564130732
35260840371273000167650010000383671676520050
35260840371273000167650010000383681471423165
35260840371273000167650010000383691827322540
35260840371273000167650010000383701082503654
35260840371273000167650010000383711586654270
35260840371273000167650010000383721738340564
35260840371273000167650010000383731736006257
35260840371273000167650010000383741288750630
35260840371273000167650010000383751441677465
35260840371273000167650010000383761501343670
35260840371273000167650010000383771365784370
35260840371273000167650010000383791444284510
35260840371273000167650010000383801713020541
35260840371273000167650010000383811046718631
35260840371273000167650010000383821284110182
35260840371273000167650010000383831116117458
35260840371273000167650010000383841714002082
35260840371273000167650010000383851011802503
35260840371273000167650010000383861865031175
35260840371273000167650010000383871280137872
35260840371273000167650010000383881155121475
35260840371273000167650010000383891751278416
35260840371273000167650010000383901550364863
35260840371273000167650010000383911488048018
35260840371273000167650010000383921700231728
35260840371273000167650010000383931210784760
35260840371273000167650010000383941045160716
35260840371273000167650010000383951002503511
35260840371273000167650010000383961778538243
35260840371273000167650010000383971640383353
35260840371273000167650010000383981438807366
35260840371273000167650010000383991526584846
35260840371273000167650010000384001812088483
35260840371273000167650010000384011228816773
35260840371273000167650010000384021163736875
35260840371273000167650010000384031512460133
35260840371273000167650010000384041442485644
35260840371273000167650010000384051218800423
35260840371273000167650010000384061147617149
35260840371273000167650010000384071411604406
35260840371273000167650010000384081725601105
35260840371273000167650010000384091540577167
35260840371273000167650010000384101336482367
35260840371273000167650010000384111565636734
35260840371273000167650010000384121767177029
35260840371273000167650010000384131642307250
35260840371273000167650010000384141766170254
35260840371273000167650010000384151217872761
35260840371273000167650010000384161734206150
35260840371273000167650010000384171235102250
35260840371273000167650010000384181260820303
35260840371273000167650010000384191386673170
35260840371273000167650010000384201243520800
35260840371273000167650010000384211156660562
35260840371273000167650010000384221846747681
35260840371273000167650010000384231128357413
35260840371273000167650010000384241300720603
35260840371273000167650010000384251708347868
35260840371273000167650010000384261636250585
35260840371273000167650010000384271433065861
35260840371273000167650010000384281482304278
35260840371273000167650010000384291153000870
35260840371273000167650010000384301713830130
35260840371273000167650010000384311587008208
35260840371273000167650010000384321788011009
35260840371273000167650010000384331056128568
35260840371273000167650010000384341058025313
35260840371273000167650010000384351372402482
35260840371273000167650010000384361024684386
35260840371273000167650010000384371628163761
35260840371273000167650010000384381165552227
35260840371273000167650010000384391751326457
35260840371273000167650010000384401237770266
35260840371273000167650010000384411221847636
35260840371273000167650010000384421642075432
35260840371273000167650010000384431388183060
35260840371273000167650010000384441033354727
35260840371273000167650010000384451107610826
35260840371273000167650010000384461445367537
35260840371273000167650010000384471830737435
35260840371273000167650010000384481758637627
35260840371273000167650010000384491250217082
35260840371273000167650010000384501542310806
35260840371273000167650010000384511702847800
35260840371273000167650010000384521771153630
35260840371273000167650010000384531552130845
35260840371273000167650010000384541332273547
35260840371273000167650010000384551380618220
35260840371273000167650010000384561348244163
35260840371273000167650010000384571252886560
35260840371273000167650010000384581641462866
35260840371273000167650010000384591027578760
35260840371273000167650010000384601041004580
35260840371273000167650010000384611741516475
35260840371273000167650010000384621224652640
35260840371273000167650010000384631867832850
35260840371273000167650010000384641232584458
35260840371273000167650010000384651730051661
35260840371273000167650010000384661486051839
35260840371273000167650010000384671030486309
35260840371273000167650010000384681628860310
35260840371273000167650010000384691880038325
35260840371273000167650010000384701802604386
35260840371273000167650010000384711468747371
35260840371273000167650010000384721721487511
35260840371273000167650010000384731488564757
35260840371273000167650010000384741818202877
35260840371273000167650010000384751228553660
35260840371273000167650010000384761445775618
35260840371273000167650010000384771032353442
35260840371273000167650010000384781273578245
35260840371273000167650010000384791424041757
35260840371273000167650010000384801810058430
35260840371273000167650010000384811551204238
35260840371273000167650010000384821072833429
35260840371273000167650010000384831317682433
35260840371273000167650010000384841082864046
35260840371273000167650010000384851653481612
35260840371273000167650010000384861001312085
35260840371273000167650010000384871487053355
35260840371273000167650010000384881273004369
35260840371273000167650010000384891857052247
35260840371273000167650010000384901651052714
35260840371273000167650010000384911707718019
35260840371273000167650010000384921560162520
35260840371273000167650010000384931513410137
35260840371273000167650010000384941632742700
35260840371273000167650010000384951751674551
35260840371273000167650010000384961027042073
35260840371273000167650010000384971485141520
35260840371273000167650010000384981108640544
35260840371273000167650010000384991126031616
35260840371273000167650010000385001575186156
35260840371273000167650010000385011517062064
35260840371273000167650010000385021502431660
35260840371273000167650010000385031201441760
35260840371273000167650010000385041452780784
35260840371273000167650010000385051812112521
35260840371273000167650010000385061262136781
35260840371273000167650010000385071371638017
35260840371273000167650010000385081117871110
35260840371273000167650010000385091665373376
35260840371273000167650010000385101222553058
35260840371273000167650010000385111077580832
35260840371273000167650010000385121450120126
35260840371273000167650010000385131783130573
35260840371273000167650010000385141334184223
35260840371273000167650010000385151552412403
35260840371273000167650010000385161873650489
35260840371273000167650010000385171416733761
35260840371273000167650010000385181480811678
35260840371273000167650010000385191181514318
35260840371273000167650010000385201062477770
35260840371273000167650010000385211162164747
35260840371273000167650010000385221576557651
35260840371273000167650010000385231813410010
35260840371273000167650010000385241070252552
35260840371273000167650010000385251222671010
35260840371273000167650010000385261442044217
35260840371273000167650010000385271328064031
35260840371273000167650010000385281336674312
35260840371273000167650010000385291043536134
35260840371273000167650010000385301340867438
35260840371273000167650010000385311187852368
35260840371273000167650010000385321780845550
35260840371273000167650010000385331153726836
35260840371273000167650010000385341334081770
35260840371273000167650010000385351836242211
35260840371273000167650010000385361750078844
35260840371273000167650010000385371643825058
35260840371273000167650010000385381001432577
35260840371273000167650010000385391155157301
35260840371273000167650010000385401002414635
35260840371273000167650010000385411360345759
35260840371273000167650010000385421323205369
35260840371273000167650010000385431155633670
35260840371273000167650010000385441116023723
35260840371273000167650010000385451580703300
35260840371273000167650010000385461824887682
35260840371273000167650010000385471752435656
35260840371273000167650010000385481231038320
35260840371273000167650010000385491264315702
35260840371273000167650010000385501632648623
35260840371273000167650010000385511476747027
35260840371273000167650010000385521046434551
35260840371273000167650010000385531033606844
35260840371273000167650010000385541521272888
35260840371273000167650010000385551040452401
35260840371273000167650010000385561606835580
35260840371273000167650010000385571734407278
35260840371273000167650010000385581410803884
35260840371273000167650010000385591822114285
35260840371273000167650010000385601733661435
35260840371273000167650010000385611656661780
35260840371273000167650010000385621226800234
35260840371273000167650010000385631472424739
35260840371273000167650010000385641312850303
35260840371273000167650010000385651474827088
35260840371273000167650010000385661070274130
35260840371273000167650010000385671506471687
35260840371273000167650010000385681500534030
35260840371273000167650010000385691535821440
35260840371273000167650010000385701010282105
35260840371273000167650010000385711452316231
35260840371273000167650010000385721382683840
35260840371273000167650010000385731652541683
35260840371273000167650010000385741161380334
35260840371273000167650010000385751175050037
35260840371273000167650010000385761474880845
35260840371273000167650010000385771286543630
35260840371273000167650010000385781432610640
35260840371273000167650010000385791200426588
35260840371273000167650010000385801853220382
35260840371273000167650010000385811240044544
35260840371273000167650010000385821726655163
35260840371273000167650010000385831017160283
35260840371273000167650010000385841407213877
35260840371273000167650010000385851040521429
35260840371273000167650010000385861300463161
35260840371273000167650010000385871304447346
35260840371273000167650010000385881228615341
35260840371273000167650010000385891381324843
35260840371273000167650010000385901438025530
35260840371273000167650010000385911010508510
35260840371273000167650010000385921517614410
35260840371273000167650010000385931853450130
35260840371273000167650010000385941638674833
35260840371273000167650010000385951713302370
35260840371273000167650010000385961158548715
35260840371273000167650010000385971366461039
35260840371273000167650010000385989217420414
35260840371273000167650010000385991351164658
35260840371273000167650010000386001132228769
35260840371273000167650010000386011040802768
35260840371273000167650010000386021008064657
35260840371273000167650010000386031701646278
35260840371273000167650010000386041450150819
35260840371273000167650010000386051227266028
35260840371273000167650010000386061180542889
35260840371273000167650010000386071374082074
35260840371273000167650010000386081162861662
35260840371273000167650010000386091608444222
35260840371273000167650010000386101573136080
35260840371273000167650010000386111463373581
35260840371273000167650010000386121758856858
35260840371273000167650010000386131886724226
35260840371273000167650010000386141183555878
35260840371273000167650010000386151573041612
35260840371273000167650010000386161788306219
35260840371273000167650010000386171706177824
35260840371273000167650010000386181445153169
35260840371273000167650010000386191531512489
35260840371273000167650010000386201556827611
35260840371273000167650010000386211302841237
35260840371273000167650010000386221337262311
35260840371273000167650010000386231813057765
35260840371273000167650010000386241784803732
35260840371273000167650010000386251142170657
35260840371273000167650010000386261351815623
35260840371273000167650010000386271121372042
35260840371273000167650010000386281382342500
35260840371273000167650010000386291808277659
35260840371273000167650010000386301130226741
35260840371273000167650010000386311482874283
35260840371273000167650010000386321814060505
35260840371273000167650010000386331645533310
35260840371273000167650010000386341216721430
35260840371273000167650010000386351444230667
35260840371273000167650010000386361628860016
35260840371273000167650010000386371726600814
35260840371273000167650010000386381787823829
35260840371273000167650010000386391210834336
35260840371273000167650010000386401427837842
35260840371273000167650010000386411238858335
35260840371273000167650010000386421086124382
35260840371273000167650010000386431362620579
35260840371273000167650010000386441757416874
35260840371273000167650010000386451625148861
35260840371273000167650010000386461722406370
35260840371273000167650010000386471147027256
35260840371273000167650010000386481454446059
35260840371273000167650010000386491327377616
35260840371273000167650010000386501111541010
35260840371273000167650010000386511044522079
35260840371273000167650010000386521103788766
35260840371273000167650010000386531161224214
35260840371273000167650010000386541861186266
35260840371273000167650010000386551786858158
35260840371273000167650010000386561577788669
35260840371273000167650010000386571477887808
35260840371273000167650010000386581568357221
35260840371273000167650010000386591371734689
35260840371273000167650010000386601100584169
35260840371273000167650010000386611041432504
35260840371273000167650010000386621122156369
35260840371273000167650010000386631813361540
35260840371273000167650010000386641264174213
35260840371273000167650010000386651753580360
35260840371273000167650010000386661143123558
35260840371273000167650010000386671714867275
35260840371273000167650010000386681438253520
35260840371273000167650010000386691483404288
35260840371273000167650010000386701301146440
35260840371273000167650010000386711141343216
35260840371273000167650010000386721165652658
35260840371273000167650010000386731140823073
35260840371273000167650010000386741188038160
35260840371273000167650010000386751718336837
35260840371273000167650010000386761840500520
35260840371273000167650010000386771066081241
35260840371273000167650010000386781580238450
35260840371273000167650010000386791840258151
35260840371273000167650010000386801542181038
35260840371273000167650010000386811723406454
35260840371273000167650010000386821320713585
35260840371273000167650010000386831003451600
35260840371273000167650010000386841833501550
35260840371273000167650010000386851825367260
35260840371273000167650010000386861854828847
35260840371273000167650010000386879025224775
35260840371273000167650010000386881628387139
35260840371273000167650010000386891847721244
35260840371273000167650010000386901780105130
35260840371273000167650010000386911703683203
35260840371273000167650010000386921670778330
35260840371273000167650010000386931755127160
35260840371273000167650010000386941768751752
35260840371273000167650010000386951283848158
35260840371273000167650010000386961853411248
35260840371273000167650010000386971310200154
35260840371273000167650010000386981513623162
35260840371273000167650010000386991218712572
35260840371273000167650010000387001087643842
35260840371273000167650010000387011800377870
35260840371273000167650010000387021863587160
35260840371273000167650010000387031804045272
35260840371273000167650010000387041715836530
35260840371273000167650010000387051812711671
35260840371273000167650010000387061360075400
35260840371273000167650010000387071268610750
35260840371273000167650010000387081836564255
35260840371273000167650010000387091573003719
35260840371273000167650010000387101078863050
35260840371273000167650010000387111872125407
35260840371273000167650010000387121774877681
35260840371273000167650010000387131467833200
35260840371273000167650010000387141454871806
35260840371273000167650010000387151833162355
35260840371273000167650010000387161536114167
35260840371273000167650010000387171132413119
35260840371273000167650010000387181023817330
35260840371273000167650010000387191871431375
35260840371273000167650010000387201784482584
35260840371273000167650010000387211187743180
35260840371273000167650010000387221752385235
35260840371273000167650010000387231655426540
35260840371273000167650010000387241145353181
35260840371273000167650010000387251164825520
35260840371273000167650010000387261204154113
35260840371273000167650010000387271573481449
35260840371273000167650010000387281675776500
35260840371273000167650010000387291488342230
35260840371273000167650010000387301678714740
35260840371273000167650010000387311400256284
35260840371273000167650010000387321064082813
35260840371273000167650010000387331323718406
35260840371273000167650010000387341721851618
35260840371273000167650010000387351381034080
35260840371273000167650010000387361428563676
35260840371273000167650010000387371585342887
35260840371273000167650010000387381246736634
35260840371273000167650010000387391112240518
35260840371273000167650010000387401537123254
35260840371273000167650010000387411356084076
35260840371273000167650010000387421052071583
35260840371273000167650010000387431680184514
35260840371273000167650010000387441508738164
35260840371273000167650010000387451727636283
35260840371273000167650010000387461387804000
35260840371273000167650010000387471730744169
35260840371273000167650010000387481742653420
35260840371273000167650010000387491502625259
35260840371273000167650010000387501608307731
35260840371273000167650010000387511764205816
35260840371273000167650010000387521170648305
35260840371273000167650010000387531847127167
35260840371273000167650010000387541112716675
35260840371273000167650010000387551526105066
35260840371273000167650010000387561374587710
35260840371273000167650010000387571883010842
35260840371273000167650010000387581317156611
35260840371273000167650010000387591664030230
35260840371273000167650010000387601132721752
35260840371273000167650010000387611101300230
35260840371273000167650010000387621208666263
35260840371273000167650010000387631678065409
35260840371273000167650010000387641445873356
35260840371273000167650010000387651010451013
35260840371273000167650010000387661653051848
35260840371273000167650010000387671130030800
35260840371273000167650010000387681044853175
35260840371273000167650010000387691864785088
35260840371273000167650010000387701675811481
35260840371273000167650010000387721456125757
35260840371273000167650010000387731157132457
35260840371273000167650010000387741570040131
35260840371273000167650010000387751135342488
35260840371273000167650010000387761174366225
35260840371273000167650010000387771453780670
35260840371273000167650010000387781175584360
35260840371273000167650010000387791802231050
35260840371273000167650010000387801533850726
35260840371273000167650010000387811003265769
35260840371273000167650010000387821878010000
35260840371273000167650010000387831567552711
35260840371273000167650010000387841625405884
35260840371273000167650010000387851322781178
35260840371273000167650010000387861802655289
35260840371273000167650010000387871057518243
35260840371273000167650010000387881032421677
35260840371273000167650010000387891142051030
35260840371273000167650010000387901445032211
35260840371273000167650010000387911776028235
35260840371273000167650010000387921205472033
35260840371273000167650010000387931054516352
35260840371273000167650010000387941402643242
35260840371273000167650010000387951401372145
35260840371273000167650010000387961058711313
35260840371273000167650010000387971355080277
35260840371273000167650010000387981348332107
35260840371273000167650010000387991787342821
35260840371273000167650010000388001615440550
35260840371273000167650010000388011800608427
35260840371273000167650010000388021132874275
35260840371273000167650010000388031585684386
35260840371273000167650010000388041055017525
35260840371273000167650010000388051346547005
35260840371273000167650010000388061026874339
35260840371273000167650010000388071878867327
35260840371273000167650010000388081656134673
35260840371273000167650010000388091600887550
35260840371273000167650010000388101242708150
35260840371273000167650010000388111232717588
35260840371273000167650010000388121112301586
35260840371273000167650010000388131855254539
35260840371273000167650010000388141411345385
35260840371273000167650010000388151632352519
35260840371273000167650010000388161820508668
35260840371273000167650010000388171647116837
35260840371273000167650010000388181745732378
35260840371273000167650010000388191665853524
35260840371273000167650010000388201081553173
35260840371273000167650010000388211046810766
35260840371273000167650010000388221337524279
35260840371273000167650010000388231235817649
35260840371273000167650010000388241520316102
35260840371273000167650010000388251363505377
35260840371273000167650010000388269035271747
35260840371273000167650010000388271043412852
35260840371273000167650010000388281248002831
35260840371273000167650010000388291505466049
35260840371273000167650010000388301021064601
35260840371273000167650010000388311346225431
35260840371273000167650010000388321538417336
35260840371273000167650010000388331152884361
35260840371273000167650010000388341574458416
35260840371273000167650010000388351881657758
35260840371273000167650010000388361273248069
35260840371273000167650010000388371261483430
35260840371273000167650010000388381848804846
35260840371273000167650010000388391383133454
35260840371273000167650010000388401555250403
35260840371273000167650010000388411231418500
35260840371273000167650010000388421480838152
35260840371273000167650010000388431742835012
35260840371273000167650010000388441516023174
35260840371273000167650010000388451417444640
35260840371273000167650010000388461816874409
35260840371273000167650010000388471882510174
35260840371273000167650010000388481613346658
35260840371273000167650010000388491762408385
35260840371273000167650010000388501631377533
35260840371273000167650010000388511872751341
35260840371273000167650010000388521641178619
35260840371273000167650010000388531284462084
35260840371273000167650010000388541183433647
35260840371273000167650010000388551150306465
35260840371273000167650010000388561651636635
35260840371273000167650010000388571312706743
35260840371273000167650010000388581534551255
35260840371273000167650010000388591414520651
35260840371273000167650010000388601346227436
35260840371273000167650010000388611337330502
35260840371273000167650010000388621043386249
35260840371273000167650010000388631772621811
35260840371273000167650010000388641640620033
35260840371273000167650010000388651000038372
35260840371273000167650010000388661127883730
35260840371273000167650010000388671287818209
35260840371273000167650010000388681760541016
35260840371273000167650010000388691326575418
35260840371273000167650010000388701658410240
35260840371273000167650010000388711575785503
35260840371273000167650010000388721545455570
35260840371273000167650010000388731885025013
35260840371273000167650010000388741352345289
35260840371273000167650010000388751263612262
35260840371273000167650010000388761687112833
35260840371273000167650010000388771707461819
35260840371273000167650010000388781567246705
35260840371273000167650010000388791284377113
35260840371273000167650010000388801458066526
35260840371273000167650010000388811120824409
35260840371273000167650010000388821682717386
35260840371273000167650010000388831524180346
35260840371273000167650010000388841818241250
35260840371273000167650010000388851355676255
35260840371273000167650010000388861515032650
35260840371273000167650010000388871207232400
35260840371273000167650010000388881405748663
35260840371273000167650010000388891600477425
35260840371273000167650010000388901356315566
35260840371273000167650010000388911628563359
35260840371273000167650010000388921867404275
35260840371273000167650010000388931430683782
35260840371273000167650010000388941232803207
35260840371273000167650010000388951347838671
35260840371273000167650010000388961443068358
35260840371273000167650010000388971108337838
35260840371273000167650010000388981534201411
35260840371273000167650010000388991208373261
35260840371273000167650010000389001255840167
35260840371273000167650010000389011571868685
35260840371273000167650010000389021838473521
35260840371273000167650010000389031463153756
35260840371273000167650010000389041634412804
35260840371273000167650010000389051066224554
35260840371273000167650010000389061888618530
35260840371273000167650010000389071014686241
35260840371273000167650010000389081037783666
35260840371273000167650010000389091437013857
35260840371273000167650010000389101436213535
35260840371273000167650010000389111852555318
35260840371273000167650010000389121178073056
35260840371273000167650010000389131781223789
35260840371273000167650010000389141607552389
35260840371273000167650010000389151622444432
35260840371273000167650010000389161105013460
35260840371273000167650010000389171265145531
35260840371273000167650010000389181465614206
35260840371273000167650010000389191188231330
35260840371273000167650010000389201387582869
35260840371273000167650010000389211071753075
35260840371273000167650010000389221133255836
35260840371273000167650010000389231267607483
35260840371273000167650010000389241332310610
35260840371273000167650010000389251246154085
35260840371273000167650010000389261450835238
35260840371273000167650010000389271885550552
35260840371273000167650010000389281660175557
35260840371273000167650010000389291365410386
35260840371273000167650010000389301668326587
35260840371273000167650010000389311714081445
35260840371273000167650010000389321437244440
35260840371273000167650010000389331680162272
35260840371273000167650010000389341106021421
35260840371273000167650010000389351147883263
35260840371273000167650010000389361360527620
35260840371273000167650010000389371213255185
35260840371273000167650010000389381424763307
35260840371273000167650010000389391712616544
35260840371273000167650010000389401361102439
35260840371273000167650010000389411356487767
35260840371273000167650010000389421017157885
35260840371273000167650010000389431416051000
35260840371273000167650010000389441686784473
35260840371273000167650010000389451183242139
35260840371273000167650010000389461178151500
35260840371273000167650010000389471402073013
35260840371273000167650010000389481146472772
35260840371273000167650010000389491505671180
35260840371273000167650010000389501450827400
35260840371273000167650010000389511346788850
35260840371273000167650010000389521774152683
35260840371273000167650010000389531504336410
35260840371273000167650010000389541348561234
35260840371273000167650010000389551767374287
35260840371273000167650010000389561835025880
35260840371273000167650010000389571265846420
35260840371273000167650010000389581105368780
35260840371273000167650010000389591477653174
35260840371273000167650010000389601342834210
35260840371273000167650010000389611351727282
35260840371273000167650010000389621834564156
35260840371273000167650010000389631486614421
35260840371273000167650010000389641018401477
35260840371273000167650010000389651033567183
35260840371273000167650010000389661567862745
35260840371273000167650010000389671205837528
35260840371273000167650010000389681811124617
35260840371273000167650010000389691411005880
35260840371273000167650010000389701521215618
35260840371273000167650010000389711720848839
35260840371273000167650010000389721871540326
35260840371273000167650010000389731447437430
35260840371273000167650010000389741706083407
35260840371273000167650010000389751157585856
35260840371273000167650010000389761444753170
35260840371273000167650010000389771552102000
35260840371273000167650010000389781621165203
35260840371273000167650010000389791043030528
35260840371273000167650010000389801468507148
35260840371273000167650010000389811460442176
35260840371273000167650010000389821182214356
35260840371273000167650010000389831871775173
35260840371273000167650010000389841557671139
35260840371273000167650010000389851171846455
35260840371273000167650010000389861656363178
35260840371273000167650010000389871035148657
35260840371273000167650010000389881753524541
35260840371273000167650010000389891031767608
35260840371273000167650010000389901467544402
35260840371273000167650010000389911361105879
35260840371273000167650010000389921376740815
35260840371273000167650010000389931056532011
35260840371273000167650010000389941105111565
35260840371273000167650010000389951042024161
35260840371273000167650010000389961116601873
35260840371273000167650010000389971474442831
35260840371273000167650010000389981320764569
35260840371273000167650010000389991725686560
35260840371273000167650010000390001026827311
35260840371273000167650010000390011053186868
35260840371273000167650010000390021188631689
35260840371273000167650010000390031630040170
35260840371273000167650010000390041765648076
35260840371273000167650010000390051122643788
35260840371273000167650010000390061435587469
35260840371273000167650010000390071712785178
35260840371273000167650010000390081524456321
35260840371273000167650010000390091522147256
35260840371273000167650010000390101325462745
35260840371273000167650010000390111660661026
35260840371273000167650010000390121605758568
35260840371273000167650010000390131140464450
35260840371273000167650010000390141388778625
35260840371273000167650010000390151460548110
35260840371273000167650010000390161856273530
35260840371273000167650010000390171547257839
35260840371273000167650010000390181066414357
35260840371273000167650010000390191725761419
35260840371273000167650010000390201151205765
35260840371273000167650010000390211862526282
35260840371273000167650010000390221314807364
35260840371273000167650010000390231801248139
35260840371273000167650010000390241835505824
35260840371273000167650010000390251063122856
35260840371273000167650010000390261356721858
35260840371273000167650010000390271332252685
35260840371273000167650010000390281201816027
35260840371273000167650010000390291230171176
35260840371273000167650010000390301602766665
35260840371273000167650010000390311478482882
35260840371273000167650010000390321375612136
35260840371273000167650010000390331254522346
35260840371273000167650010000390341783824017
35260840371273000167650010000390351216518730
35260840371273000167650010000390361111766162
35260840371273000167650010000390371633563139
35260840371273000167650010000390381775561770
35260840371273000167650010000390391061776722
35260840371273000167650010000390401545863470
35260840371273000167650010000390411257642620
35260840371273000167650010000390421714868070
35260840371273000167650010000390431742470163
35260840371273000167650010000390441805235775
35260840371273000167650010000390451674175658
35260840371273000167650010000390461213378141
35260840371273000167650010000390471110648852
35260840371273000167650010000390481757331004
35260840371273000167650010000390491402731673
35260840371273000167650010000390501184443508
35260840371273000167650010000390511702253350
35260840371273000167650010000390521816717140
35260840371273000167650010000390531760013778
35260840371273000167650010000390541511270782
35260840371273000167650010000390551503157872
35260840371273000167650010000390561013514641
35260840371273000167650010000390571513021536
35260840371273000167650010000390581705006087
35260840371273000167650010000390591303773005
35260840371273000167650010000390601228535123
35260840371273000167650010000390611051622006
35260840371273000167650010000390621071822520
35260840371273000167650010000390631532236841
35260840371273000167650010000390641480333830
35260840371273000167650010000390651304107677
35260840371273000167650010000390661876652732
35260840371273000167650010000390671625371047
35260840371273000167650010000390681315332709
35260840371273000167650010000390691751522720
35260840371273000167650010000390701524550308
35260840371273000167650010000390711203754666
35260840371273000167650010000390721023745836
35260840371273000167650010000390731354710255
35260840371273000167650010000390741378222428
35260840371273000167650010000390751476637131
35260840371273000167650010000390761464024870
35260840371273000167650010000390771740768384
35260840371273000167650010000390781261054680
35260840371273000167650010000390791254216430
35260840371273000167650010000390801284402438
35260840371273000167650010000390811857837613
35260840371273000167650010000390821143768767
35260840371273000167650010000390831418242130
35260840371273000167650010000390841670101313
35260840371273000167650010000390851427420600
35260840371273000167650010000390861763200758
35260840371273000167650010000390871127467533
35260840371273000167650010000390881265033730
35260840371273000167650010000390891467226057
35260840371273000167650010000390901288058142
35260840371273000167650010000390911472341479
35260840371273000167650010000390921331865843
35260840371273000167550020000001401242204842
35260840371273000167550020000001411512476480
35260840371273000167550020000001421238386685
35260840371273000167550020000001431355671855
35260840371273000167550020000001441440275311
35260840371273000167550020000001451430206004
35260840371273000167550020000001461017311320
35260840371273000167550020000001471150302768
35260840371273000167550020000001481782020723
35260840371273000167550020000001491325128839
35260840371273000167550020000001501657301788
35260840371273000167550020000001511535612271
35260840371273000167550020000001521434877048
35260840371273000167550020000001531005775658
35260840371273000167550020000001541642353271
35260840371273000167550020000001551881212811
35260840371273000167550020000001561512108719
35260840371273000167550020000001571387874285
35260840371273000167550020000001581548422183